VZmax,VPzabove1,VPzabove3,VPzabove4,VZq90,VZq95,VFHD,VSlope,VAspect,Depth
20.2,99.75212874,88.1073167,81.332597,15.9854,17.205,2.536217444,17.75231774,172.1065557,0.60786124
9.41,97.87546429,59.89641567,43.4010408,6.566,7.334,2.008234149,1.222789388,169.3516098,1.000315604
19.564,99.81037519,96.15332521,84.65393471,17.229,17.895,2.25579178,2.839514801,166.1394451,0.884730362
14.431,97.08515139,59.96706368,41.88131339,7.48,8.3,1.568804224,22.44791933,310.6589426,0.948708971
25.519,99.00125235,73.53944897,66.17251096,18.164,20.3701,3.031497545,15.28991516,161.0954047,0.691790838
21.417,98.49741418,75.51583889,61.00510643,15.646,16.615,1.813147008,27.14263304,299.8359295,0.685274269
16.356,97.0572426,64.71807569,47.21320803,8.846,10.691,1.963973134,22.1417803,304.6182353,0.903899203
24.228,99.83700081,84.18907905,82.47758761,23.16,23.5282,2.575981614,12.42819045,202.3901505,1.138622603
11.502,98.48880169,72.67736751,57.53616231,8.178,9.2354,2.102621214,9.429483699,253.5214147,0.740271822
24.778,98.21354758,72.25800471,53.98087536,10.08,12.32,1.966630744,18.82418454,304.6377553,0.842702716
25.188,88.0402303,33.77304861,27.93528169,10.61,13.91,2.277074992,7.273305223,50.55597808,0.84411124
6.237,93.84244034,22.58095871,11.29938927,4.1916,4.751,2.044489959,4.764896944,134.6757013,1.334113907
16.677,98.50111052,77.21333015,65.57743174,11.856,13.458,2.018668993,5.643774449,149.9658836,0.900698133
14.352,99.6254659,62.97678978,48.82496733,8.553,9.998,2.148015173,18.05362729,302.8653529,0.85873705
17.18,99.13237925,59.48568873,38.36135957,9.96,12.61,2.389433555,21.09978763,313.6353011,0.750479506
18.779,98.32994073,72.30154939,50.36608485,9.42,10.93,2.185070864,23.72627809,306.7929145,0.961225945
24.194,99.81603154,99.13272011,99.02759527,22.488,23.037,2.775849382,2.950042009,73.89327604,0.67816427
10.597,98.80952381,69.04761905,59.52380952,6.4539,8.0143,2.757724123,3.415625491,306.0969765,0.47632519
13.347,98.4683368,64.31843959,52.17433002,5.505,5.985,1.835100649,19.32334669,314.4732314,0.831339821
22.217,99.82411569,94.43033027,93.58999414,20.6486,21.167,2.193506507,6.206868627,226.8553391,1.209144662
14.111,94.88259,64.51583853,53.77220434,10.07,11.702,1.79029502,3.118195783,244.7378693,0.75598409
17.043,97.4093557,60.97235208,46.9161932,10.951,13.913,2.940961142,8.125376935,151.0056891,1.022180558
23.441,99.96198762,98.10254894,96.83969337,19.611,20.735,2.865223889,4.024812891,231.3693361,1.035856578
17.23,96.81862462,65.65474237,56.11530467,10.141,12.243,1.86715266,25.37736995,314.7505376,0.897727775
20.666,100,100,100,17.4945,18.89725,2.458098437,2.779941725,136.8389364,1.01566427
18.32,99.9813572,89.18717375,83.7546607,15.6051,16.355,3.012764655,5.638518864,176.0521303,0.699908199
19.501,97.95400639,77.74775704,73.61658245,12.6126,16.004,2.157157557,8.163669268,36.90370449,0.906035722
21.305,100,98.49442379,97.55018587,18.5773,19.391,2.741977665,9.067963297,285.7417908,1.127053159
14.3,99.49016335,75.67027515,61.88022268,8.766,10.017,2.818593244,16.67375449,319.4700012,0.840651368
16.071,97.77188514,60.56069223,43.70049894,7.7,9.474,1.635025833,29.25778736,318.5295521,0.681368955
10.835,94.1136942,54.88139152,35.32008154,5.398,5.93,2.143658026,21.57892148,320.1833276,1.266720201
19.07,99.06112135,76.90389205,68.42702761,12.5,14.012,1.753148339,26.11109447,314.5056976,0.796224138
28.045,99.92790195,97.76496035,97.72891132,26.972,27.355,2.822622866,4.467980062,120.2956933,0.946497603
9.587,97.51647743,72.73553032,59.09055663,6.391,6.9263,2.487849024,29.01609383,304.4460083,0.877955454
15.562,97.93383235,70.81745173,54.0800525,9.51,10.488,2.773210027,13.72041029,165.7417252,0.841378182
11.159,99.55613266,69.15850702,53.21240709,7.999,9.066,2.875878473,3.053087542,248.2270981,0.946497603
27.041,100,99.92410243,99.87460401,24.662,25.334,3.11932098,11.02406456,283.4822071,2.335497603
18.778,99.20183477,88.07904867,81.17643493,14.045,15.178,1.989154025,5.94263959,58.85347775,1.611044773
11.995,99.50035313,66.18254767,55.19507516,7.87,8.64,1.183796786,22.74621046,292.2080299,0.845051157
11.814,99.9620755,89.96379934,79.33804516,9.841,10.3688,2.846137181,4.113252659,109.8113224,0.970247603
5.219,96.4669657,37.05637299,14.02985393,4.188,4.5,2.805770012,9.572819679,172.0466189,1.172896205
17.149,99.9364676,75.90004235,62.30410843,12.9387,14.0556,2.876895356,2.830532956,116.4170754,0.78427217
18.342,97.7996277,63.59441872,41.95344693,8.271,10.081,2.701993569,15.44519244,299.1633453,0.832068218
20.567,100,99.6871299,99.12855956,17.6978,18.6274,2.778807765,4.246247494,283.6913105,0.929012054
12.237,99.62385761,77.97314108,65.01973768,8.6892,9.646,2.428482518,4.766594353,255.5655409,2.187327792
9.221,99.45564345,72.3186187,57.67202518,6.852,7.471,1.668957629,9.594897921,194.7551098,0.682241901
18.556,97.31145391,74.62186574,63.59996077,10.831,13.09,1.565893372,26.00615978,281.504275,0.693707709
18.172,95.96388741,65.05576208,60.43547531,11.207,14.837,2.18238937,3.02524658,150.8725635,0.703997603
18.546,98.2499168,65.78656075,51.65169076,10.31,12.73,2.191728115,24.63501861,314.6501382,0.688466313
17.733,97.94868435,76.43847582,70.6898133,13.752,15.005,2.276835361,7.63089945,327.8876149,0.796420506
9.522,92.86815436,58.54835856,42.87699967,7.469,7.9406,2.497410305,20.24076605,309.5180492,0.73705522
7.909,96.57801286,51.58807023,19.93841416,4.8242,5.8752,2.259508078,5.300869765,59.56294429,1.094008287
20.04,97.90341933,80.89612873,61.14389953,11.331,12.97,1.430166731,23.81424074,285.3868286,1.001243333
4.691,93.84171908,15.12292739,1.753382885,3.291,3.644,2.129145189,5.895538171,242.8400658,2.50731438
21.918,99.57127546,79.1841242,74.64354152,18.48,19.5,2.397906893,13.70988774,258.5691071,0.814224876
20.107,97.5872138,59.1538347,44.05673822,12.227,14.466,1.677250621,27.92900906,294.9097351,0.910621657
12.743,99.04810327,74.78179815,58.02898059,9.4364,10.8724,2.093690415,2.881218112,166.2012649,0.788670748
11.802,98.93118268,67.92617812,52.40367621,8.245,9.241,1.794498208,3.055775326,207.1795608,0.864420494
19.572,100,97.08355064,94.86387817,16.2582,17.1,2.058916116,3.356272419,130.7570536,0.750073316
2.054,73.68027888,0,0,1.457,1.574,2.612942014,11.88070937,124.1558661,4.498836659
15.686,98.55397507,67.92296728,51.4827404,10.176,11.492,1.79030834,9.901683616,306.8591156,0.871458107
16.589,98.90984276,74.22287776,61.73756157,11.009,12.803,1.279601543,26.76844932,308.7562898,0.759899467
4.975,97.27947535,19.82559816,3.49884693,3.468,3.845,2.41282341,4.211193284,158.4205388,1.085108714
18.59,97.52649945,68.69854608,55.833155,9.32,11.105,2.764302348,25.98849435,316.8676591,0.708569562
14.308,99.03761787,68.61174993,53.92941915,8.969,10.9044,3.085159413,11.13934585,182.7718959,0.799661955
18.742,96.73440247,54.80300221,39.10617542,9.791,14.188,3.142053438,7.687709506,71.99029585,0.777345049
26.185,100,99.4924789,99.06241083,22.572,23.50085,2.838734972,6.131667069,288.5968181,1.694697603
16.109,99.95059838,90.81376823,87.48039373,12.762,13.688,1.814508085,4.011843588,244.2433607,1.154926998
19.884,100,93.95085066,89.98109641,19.0956,19.211,3.040470168,3.5260626,135.8967896,0.737772113
11.129,96.07080838,55.98233141,35.46132086,6.17,7.09,1.748146208,22.06753302,316.1759618,0.774874112
25.15,96.88334192,75.57017749,68.13796656,20.4715,22.403,2.769757643,19.01886434,292.424404,0.881865206
20.779,100,98.01523297,97.57616487,18.113,18.95215,2.741485503,3.200247435,216.1454681,1.013878556
8.26,95.57869045,41.23435397,26.86475949,5.761,6.62,1.802362094,24.33665766,310.8285522,0.986188165
11.989,98.27080998,65.37338564,38.12813577,5.896,6.24,2.751987084,21.39196328,314.5364595,0.656750618
11.75,98.76512091,66.2686752,48.96887043,7.311,8.417,2.262569368,21.69567156,306.0629294,0.721817729
19.47,97.60373313,82.59906672,76.22802371,12.75,14.128,2.187915506,14.7617264,307.9461755,0.801830242
17.24,99.65217391,54.95652174,37.73913043,15.1524,15.945,2.8488168,4.862518728,234.606269,0.926203486
21.77,100,98.25307951,96.57334826,20.4624,20.84,2.891386806,1.846086696,217.8822405,1.213402365
2.658,75.25174284,0,0,2.138,2.2675,2.695681687,2.615680833,272.9216328,3.034945879
7.453,96.20814816,50.90527158,31.46015233,5.393,5.9,2.229873301,9.57344844,25.59816128,1.309203953
23.602,97.36739143,77.98893298,68.20747862,15.009,18.758,2.206807986,8.822946072,260.1851607,0.680578208
15.412,96.39534884,46.39534884,33.25581395,8.5947,10.16795,3.120446935,6.819747787,148.2896287,0.679344826
27.483,99.97858178,94.43785422,91.2992619,22.582,24.34,2.070686205,2.963266355,185.2432495,0.975958621
22.685,99.83016064,91.8774326,86.26424174,17.455,18.922,2.689222369,8.872143411,242.3426231,0.824457564
29.168,99.86433152,95.48593981,92.7725703,27.145,27.8403,2.936016534,3.839491436,30.99119609,1.028245443
29.085,99.60914761,87.73388773,80.75675676,22.3832,25.1304,2.810778457,2.436992202,183.7969797,0.753662109
27.773,99.94174453,93.80923573,89.72463086,23.586,25.032,2.194025362,5.211888726,296.9043002,0.975412109
25.325,98.91041162,72.39709443,64.28571429,19.173,23.56925,2.722120302,2.441004649,162.2435766,1.009078776
10.681,99.74298565,76.64382095,59.99143286,8.3953,9.025,3.030520264,2.734349463,251.1778467,1.389912109
28.054,99.9921939,96.604348,94.5513446,23.281,25.232,3.022136575,5.200009788,146.6553202,0.802769252
25.071,99.96957183,87.87654858,80.40425994,18.8228,20.4908,2.883463373,9.374670794,256.3101226,1.027323874
27.27,100,95.01716029,92.90708021,25.085,25.745,2.904933223,13.91904399,280.7090174,0.808769252
24.195,100,91.44579671,86.84020735,19.823,21.572,2.956553031,6.442361951,261.8686481,0.890467665
25.62,99.99456618,92.32201102,88.12403602,20.66,21.955,2.036455673,5.119536756,100.8417229,0.92712508
9.632,99.84589041,74.87728311,61.85502283,7.692,8.372,2.685046832,2.809646317,209.099456,1.150037632
23.06,99.99612973,93.91593777,88.1066646,19.3193,20.605,2.073555649,6.524311583,93.97599602,0.660617992
26.232,100,90.69558344,85.33767141,21.632,23.3939,2.025543879,2.618542289,221.1234828,0.832883285
26.224,99.72015346,92.22748815,87.67772512,20.238,22.039,3.037466725,2.8969535,153.8614586,0.865977683
22.287,100,84.375,78.08823529,17.1983,19.237,2.517512757,3.983817419,165.2982548,0.906082322
24.967,99.98385847,93.90711088,90.18003185,20.905,22.25325,2.892897567,6.879296999,186.7128466,0.68227166
13.192,99.98743865,75.39137919,61.84861244,9.065,10.323,2.827887636,10.97322197,179.5593075,1.095110175
12.846,98.08652491,59.68926222,40.65877585,6.995,9.271,2.72288745,11.46832028,41.043884,1.057207637
24.447,99.85409807,97.36686449,95.02553284,20.313,21.496,2.111245504,6.722389096,62.38653544,0.757732883
27.113,99.9938379,89.91468909,83.97784381,21.788,23.459,2.242193326,11.8976214,48.43611298,0.895342721
10.463,99.94154073,68.15701728,55.17039796,8.045,8.655,2.935448547,2.421916375,82.95144427,0.985983538
8.245,100,100,100,8.044,8.075,2.975518285,2.527846196,234.0393763,0.963245443
10.394,99.87361691,65.97073364,51.19754173,7.323,8.211,2.927019422,8.821662324,262.5101297,1.154973838
24.504,100,93.41814374,92.76267308,22.017,22.934,2.920023431,4.701424159,151.1094724,0.64912003
24.851,99.96728256,89.59132779,83.26137236,18.443,20.283,2.215989011,5.564907312,205.5212898,0.912167616
10.199,99.99266761,74.62462218,58.11818189,7.576,8.136,2.237230482,2.363872318,184.4011499,0.967724609
24.841,100,93.88728167,90.55631544,20.5858,21.799,2.580385245,10.97349646,273.3306486,0.897853286
16.34,100,95.12100678,93.93998064,15.219,15.744,2.908726331,3.657739511,150.7387155,0.954457564
22.773,99.61375622,95.33536359,94.15434896,20.008,21.0816,2.987242709,12.92758097,114.7465081,1.000392879
25.439,99.97264471,83.26950432,77.36623263,19.5836,20.68,2.838500062,3.307831766,124.8077365,1.05228248
9.145,97.64134582,54.82136663,45.421436,6.895,8.265,2.913193811,4.360129509,173.9116496,1.229512109
9.958,99.7740113,44.74576271,41.24293785,8.4444,8.738,2.853422123,7.776643706,306.2531555,0.902512109
16.693,99.96270615,87.52042086,80.20026469,12.599,13.8791,2.964367102,5.440551418,97.68594494,0.930699146
24.395,99.49361594,89.5250841,82.31996238,21.826,22.7148,2.461095239,3.882540162,218.9036428,0.722667211
18.271,99.6171423,84.34415869,78.89299431,14.147,15.59825,2.142159784,7.049596465,210.1416017,0.947044298
23.344,100,97.31602518,93.60626967,21.367,21.943,2.220579846,3.543653134,115.8373291,0.942779756
10.967,99.60583366,65.8454868,50.14165353,7.797,8.7,2.118834556,3.326214791,310.2045712,1.134337363
25.617,99.98683128,83.3382716,78.11028807,21.0736,22.9386,2.914685161,3.826825252,195.2179365,0.918548473
9.778,99.90247279,65.75221796,45.52004027,6.894,7.765,2.758823194,6.248506175,48.16182869,0.982223937
9.969,100,70.508945,53.5979001,7.547,8.299,2.531688473,5.914302156,320.2559272,0.844003018
23.074,100,90.18861926,82.51393678,16.959,18.8995,2.766547066,10.76189005,144.2738291,0.619446993
9.018,99.93414005,66.1019639,48.26105931,6.996,7.553,2.945489788,1.58895485,196.8367344,0.99267073
11.414,100,75.38197302,60.59684403,8.561,9.354,2.029353207,6.711485169,158.8386869,1.039508884
9.539,99.66235147,65.03110677,53.59416084,6.999,8.099,2.351030442,13.86936863,49.3442958,0.954503997
10.077,99.74583369,70.00548768,55.96568755,8.005,8.7368,2.91030276,1.837797201,192.0424505,1.173412109
19.617,100,74.20969543,64.42955604,12.67,13.5005,1.215115265,16.21622935,155.7845588,0.864534751
21.655,99.71297597,88.57666969,82.88063642,16.595,18.098,2.206336754,4.744200256,280.602675,0.850516948
24.868,100,93.1373369,89.47724992,20.641,21.967,2.158830781,4.452377341,142.0027736,1.026091087
10.966,100,86.04590988,77.68454515,9.525,10.055,2.118477183,1.847004912,270.3635345,0.81497235
8.713,99.98621184,51.250586,41.22935223,6.433,6.923,2.046449919,5.285261684,55.278027,1.196093928
22.729,100,88.48513038,77.835596,12.104,15.2884,2.181457408,6.052850777,217.8081979,0.807875534
15.295,99.9881163,81.12010458,69.64771437,11.091,12.291,2.109789192,4.531988154,96.65984344,0.810371879
25.849,99.88570791,91.57119096,88.85048179,19.708,21.3912,2.79688168,14.52794427,153.9061046,1.066730291
10.629,99.96953371,71.39308664,57.18304955,8.016,8.685,2.434115576,7.733344456,247.9259955,0.991202432
10.82,99.89213948,66.04314421,50.37086288,8.074,8.831,1.813982627,2.595122356,183.114634,1.256689656
20.268,100,92.82329432,87.98172995,17.453,19.1418,2.622553181,4.868864857,150.1714683,0.829226395
9.843,99.8802196,58.6258526,47.7391449,7.541,8.0873,2.179921901,3.563292478,169.1578242,1.111053662
25.461,100,92.69333079,89.11333192,21.296,22.512,2.287591209,4.59143617,155.8953377,0.855418917
23.185,99.94637647,89.22955603,83.59119943,18.502,20.253,2.22250829,4.70984165,258.4454828,1.04908166
26.812,99.62097681,87.15960651,80.77597528,18.688,20.201,3.052968194,8.688271333,188.6257304,0.902885699
12.936,99.79697493,78.16465333,68.8153487,11.18,11.818,2.849653936,3.102303209,172.6478821,0.95746313
23.552,100,94.89638283,91.73967697,19.163,20.396,3.024326915,10.19312052,136.4507731,0.812115499
22.445,99.84659656,83.28982324,74.80343787,15.141,17.171,2.893339607,24.916601,314.0962196,0.838208597
14.075,100,74.48659937,61.642882,10.5564,11.1554,2.648476178,1.000791311,161.9573165,0.825467665
25.043,99.6964448,94.57202147,90.10101357,20.7056,22.166,1.319317809,2.516731058,253.6014069,0.684814764
19.438,100,95.33464363,93.26574946,13.787,15.35,2.34938491,9.077078462,153.6243661,1.048299206
26.467,100,91.6611806,85.54623887,19.919,21.7505,2.1120608,6.062538911,85.27728717,0.817239337
7.606,100,63.42203183,42.46583909,5.911,6.396,2.613812938,2.090393594,242.0326006,0.90568134
27.454,99.93798912,89.71495113,82.84937628,17.357,19.3,2.984918902,10.21920248,165.3100037,0.88418933
27.158,99.61112191,91.18413377,86.54792922,21.288,23.387,2.711818289,7.350217342,234.5861366,1.040730823
23.631,99.6101938,86.21336373,79.20420697,17.197,18.911,2.100113204,6.823459108,88.57375749,0.774374052
8.721,98.25682011,29.05509581,20.50281615,5.856,6.314,2.210072388,4.626562969,327.3737052,1.022698487
13.387,100,80.1809911,69.1744096,10.109,10.954,3.040965496,4.231558664,261.2423373,0.733406085
24.475,100,94.39790978,93.66018597,20.8576,21.8484,2.639253366,7.729103587,181.0427898,0.789183633
23.926,99.98222854,94.20561578,90.01066288,20.998,22.04315,1.747085196,3.83658302,228.154864,0.633245443
19.719,98.77402755,85.46563169,80.12821899,15.954,17.16715,2.381961,6.858485075,331.3050983,1.246845173
19.556,98.02659851,79.96290684,70.61837016,13.865,15.695,1.741560245,10.97845251,256.8900996,1.024222814
21.233,98.95985401,91.55109489,87.11678832,18.293,19.5261,2.946843882,5.86216789,320.0755823,1.47329881
13.714,99.01127286,80.44783523,71.9735199,10.51,11.46,2.8459872,18.26574711,165.3382207,1.288662447
21.525,100,98.73359979,94.2414632,18.52,19.62,1.281979976,3.670349678,233.8031039,1.641486771
20.357,96.87546203,71.64934415,59.52470502,7.77,8.534,2.253081824,27.77339673,310.9478455,1.435328208
25.307,99.61861175,94.49711235,91.28255421,22.3544,23.4528,3.015912323,3.274982165,67.82375474,1.395162447
17.344,98.20637699,79.82389203,68.58185953,9.163,9.773,2.986791216,11.37928487,93.09481861,1.139425597
10.798,95.62122024,64.51044936,49.76154023,7.968,8.683,2.722348245,22.15993049,291.7615458,1.49500244
4.788,95.23697794,26.56030033,6.428906617,3.7479,4.098,3.046567921,3.979815573,122.4271766,1.676448161
23.081,99.29018128,86.17952488,73.6630628,11.464,12.118,1.870595437,2.295991202,106.0454758,1.472361981
13.776,99.0728409,80.94969778,72.19547178,11.342,12.236,2.074602551,3.012770348,163.7609549,1.259725738
23.33,99.1794625,89.032096,82.15388021,15.427,16.554,2.703607813,20.0886817,308.9278412,1.163339599
20.783,99.30037313,92.98041045,84.3516791,16.3609,17.827,3.045509416,7.341679734,156.4599262,1.049290106
22.893,99.76896726,91.24731126,87.28257694,18.2218,19.7034,2.387723988,5.738233191,103.3163138,1.543126572
26.711,99.48581341,93.83079338,90.82620906,22.48,23.708,2.418472382,6.703399038,342.3350677,1.277330111
20.653,98.56817442,87.7969411,84.4126261,16.182,17.1604,2.784650287,3.42232251,176.0226007,1.275829113
22.741,98.82863791,86.75502768,79.64184656,17.202,19.181,2.327792504,4.007374838,171.722938,1.435070139
21.589,98.67817525,87.70188499,80.91664985,16.853,18.298,2.290710751,12.12310147,57.30822277,1.42575026
19.778,97.84195704,79.70070131,69.79512949,15.9106,17.782,3.037107662,1.985188517,144.8932345,1.164470139
25.796,99.00497512,89.78706468,84.95920398,20.835,23.24,1.863256653,8.778247642,91.84485919,1.239103623
14.438,99.39207105,85.80636816,73.93881907,12.0234,12.74,1.841140334,6.865366459,34.50885049,1.352821095
19.415,99.75308642,94.02469136,85.38271605,16.148,17.367,2.684790545,4.695254743,106.0474872,1.218071538
13.823,98.94952601,86.83918353,78.91365616,11.87,12.361,3.026492692,3.528959642,191.8310437,1.67049578
19.711,99.49467054,69.13377129,51.74456183,10.215,13.2988,2.611011508,5.866687637,144.1021223,1.174700908
23.748,98.78909129,84.48632902,78.60025973,18.262,20.376,3.081648059,7.754945993,265.897591,1.365699032
24.156,94.68892261,65.85735964,60.54628225,20.1,20.7863,2.911273344,1.048537479,204.3454699,1.161329113
16.872,98.90262121,86.13744398,80.32867038,13.589,14.466,2.963961442,3.89585651,237.7892696,1.225809506
23.417,98.93764812,91.97515731,90.54506824,17.4508,19.352,2.789581432,6.639604545,271.9845753,1.140846657
16.95,100,96.5437788,81.95084485,16.723,16.76,2.105611809,9.615442178,159.6525424,1.45001959
3.936,94.54099366,14.04620732,0,3.172,3.452,2.635164783,1.984532432,211.7630747,1.744037447
18.726,99.03363736,87.87281079,80.24119352,14.76,16.007,2.794476068,6.064899957,104.8800271,1.339103375
26.665,98.42724855,82.75772679,69.56639096,15.562,19.5498,1.855140404,7.320306648,43.61491394,1.265290834
25.062,99.41643744,93.2414715,89.85835111,20.5424,22.0253,2.089372381,3.431693831,164.1223381,1.173992635
13.234,96.59348978,65.96013121,59.97981327,10.0098,11.0455,2.883907934,4.259204206,37.8798009,0.731707901
23.339,96.51778955,81.02952309,76.92657078,19.0408,20.3702,2.871556249,7.056896018,239.685009,1.326707901
7.658,92.93360833,54.74857592,36.29444117,6.028,6.498,2.921626643,10.97075993,311.3775588,1.139085524
20.319,99.48165405,88.43913803,84.01281305,17.592,18.4163,2.484826222,1.318732469,218.9336744,1.660662447
26.926,99.86208799,98.23472624,97.55895739,23.365,24.501,2.830204079,2.882678378,165.2734037,1.420287447
17.265,98.96000414,86.49557614,78.6154085,14.0618,14.925,2.81404013,2.331836058,102.4203714,1.136008601
23.89,99.53060517,91.0796081,87.37422424,19.92,21.328,2.271822443,5.238826349,279.8916984,1.197282929
26.515,99.78006873,93.76632302,89.84879725,21.8443,22.888,1.849472292,3.246231782,250.5083449,1.008927153
29.974,99.72039874,97.08242159,95.8789205,27.8935,28.772,2.918791831,3.098117536,272.5007305,1.309470139
21.145,98.26146027,88.96241131,85.83002063,17.525,18.66575,2.590060543,6.462599993,310.7046814,1.286162447
24.853,99.21442591,88.80520118,84.01815505,20.023,21.717,2.304109288,5.239743174,138.6094687,1.279412447
19.247,98.95197597,84.12555629,75.56360882,14.255,16.252,2.759921052,18.92263368,310.4546908,1.337259261
21.296,99.53280393,93.2287883,90.0861745,17.227,18.462,2.300857442,13.3682934,157.089305,1.212323737
15.966,98.110917,85.93551061,78.3702958,12.5148,13.5444,2.746004985,10.58625956,155.1740356,1.447288233
24.953,99.56022185,94.02207983,89.82289239,21.414,22.597,2.365867682,6.772265367,308.0702152,1.252182178
10.817,95.42174109,79.04826342,71.24492558,9.3087,9.92145,2.756303899,10.90819887,165.9613546,1.309662447
24.091,99.90686535,98.90899415,97.96434274,20.8945,22.273,3.068202113,4.444222421,248.8232908,1.364781494
18.22,99.98213116,87.00935136,82.12520102,15.502,16.325,3.050796544,7.569743655,46.20929943,1.082907128
21.622,98.92811474,90.50472632,85.3922724,17.552,19.006,2.403629956,5.040686403,182.0715338,1.206198591
16.862,97.3258138,74.86636816,63.491006,12.95,14.3315,2.111721725,4.961922978,106.6138362,0.92654942
2.954,85.83569405,0,0,2.312,2.4405,2.844637198,7.303905286,263.5240185,1.549662447
22.107,99.83702295,90.27570284,88.15700122,19.3316,20.171,2.786749725,2.422151955,252.8202719,1.405162447
24.959,99.08793901,79.41737,73.42771576,18.4095,19.797,3.094186016,1.104035852,269.994672,1.064101222
24.064,99.79738442,94.54779886,91.78485909,21.7884,22.751,2.940175289,2.139552888,116.1213036,1.165408061
19.371,98.35906899,83.33649941,74.11779605,14.955,16.3194,2.5842994,5.382319666,269.8545404,1.302104307
25.922,98.6117837,84.34221146,76.70702179,21.5724,23.311,2.714292041,7.290532009,247.9618149,1.385079113
19.428,99.51411975,87.09129434,79.7994374,15.419,16.822,2.720331469,16.43531998,171.8605843,1.369762447
20.109,96.16755793,84.26916221,76.64884135,17.0083,18.96885,2.656960816,3.217772979,133.5015607,1.421280094
23.943,99.031952,90.96983756,85.303701,17.792,19.439,1.932400645,6.7030395,210.8508943,1.161530447
5.155,98.37362637,31.14285714,10.76923077,4.031,4.295,2.694119424,1.436166359,255.950412,1.386329113
11.413,98.56877816,63.1857938,51.65650676,9.3624,10.4412,2.95251617,3.329298193,92.32260851,1.295829113
15.584,100,96.40618471,68.84663602,6.969,7.039,2.935605523,4.674925259,180.1918902,1.694571085
25.109,98.31195138,76.56988521,68.02835922,20.613,22.3045,2.505523904,1.85057202,141.5484366,1.482814621
19.357,99.26829268,94.22764228,91.32791328,16.869,17.637,2.890437956,1.951160313,238.4660908,1.53449578
19.18,97.69570617,70.75381363,60.38852072,13.167,14.99105,2.75070891,7.938976276,205.6043137,1.410002683
13.69,93.80518668,70.28436348,60.3420705,9.1848,10.756,2.155213212,2.096407913,78.30078712,1.374662447
22.836,99.44610416,89.25420536,83.02354999,16.9006,18.736,2.963462162,5.165835976,194.4721104,1.090755039
26.39,99.65250872,91.26307633,86.51564316,18.423,19.988,2.367014049,8.859636919,115.3175245,1.026707901
23.082,99.02401367,89.69838163,84.70541204,17.714,19.34,2.302042699,5.789762651,168.2693268,1.28518664
23.34,97.94827022,87.87515006,85.14678599,20.664,21.678,2.90830812,6.918198141,235.9917679,1.287787447
25.813,99.52461375,96.12810408,94.51429286,23.435,24.5357,2.905622485,7.205180295,159.2321391,1.339662447
20.595,97.76785714,77.41071429,70.26785714,14.2419,16.939,3.036382695,1.682973559,248.9890927,1.371777831
23.175,99.97736191,93.22366435,89.48083308,19.5377,20.7817,2.671411355,4.64898802,198.3413869,1.250650819
23.137,97.59100642,89.2130621,86.16167024,20.0085,21.19,2.782096515,3.023038955,256.702456,1.26449578
22.318,99.4656554,84.67506001,78.89233797,15.284,17.28,2.619636694,18.85773404,296.3624919,1.447825829
15.723,99.24764752,87.82777527,80.33293252,12.333,13.0912,2.629958023,1.884326659,173.8166645,1.432010932
29.168,99.91898461,86.90251148,82.98676749,27.3274,28.0648,2.860446013,7.191456883,209.0170567,1.477162447
23.993,99.75955682,92.76631465,89.00766876,18.286,20.164,2.146577293,5.858556285,174.9767294,1.296393216
22.567,99.59589041,93.21917808,87.9783105,18.02,19.247,2.923026671,12.75022561,171.368279,1.169560528
25.145,99.74443435,91.39169696,87.15640618,18.042,21.268,2.591848204,3.891648624,109.421523,1.292320818
20.748,98.55317498,87.70919371,81.12863439,15.69,17.277,2.40758604,8.633374865,334.8996221,1.177334268
6.132,96.99197861,52.57352941,28.27540107,4.9218,5.2829,2.720033739,5.213725506,117.1325046,1.603829113
2.053,88.93884892,0,0,1.963,1.993,3.026689274,4.52955237,135.2671256,1.445623985
23.951,99.2903759,91.40756362,86.43449514,19.5002,21.0464,2.939009724,10.79156913,213.8044001,0.939162447
23.986,99.21875,88.87939453,83.81347656,20.8127,21.95825,2.076456985,1.606479595,300.0411127,1.347162447
20.689,98.75404663,87.30650997,81.01145298,17.292,18.492,2.869757521,4.173758615,147.979651,1.150244638
24.531,99.51601651,93.56287425,89.50642405,19.693,21.546,1.978684596,3.460853588,104.9066245,1.201716902
24.848,98.72034271,81.97221002,75.65905097,20.4585,21.88875,2.567178554,1.868206417,196.698976,1.190547062
22.933,99.18186147,85.02001757,77.92635412,16.661,18.326,2.972368938,14.77383348,182.0456172,1.270904793
19.55,98.1540931,90.11381877,84.66365096,15.351,16.5895,2.479627455,2.282277901,228.2005738,1.49579881
19.312,93.40654838,52.3009466,41.43343032,11.033,14.2539,3.051051363,17.11420301,157.0839944,1.337550796
5.023,89.066957,30.58682635,7.109417529,3.843,4.202,2.868816858,9.08302118,291.4604336,1.472102206
28.021,99.96594005,96.50885559,95.09536785,25.814,26.6349,3.100658687,4.593096273,141.316915,1.531510273
11.705,97.02763148,63.47064906,49.2508958,9.11,9.989,2.281306088,5.934797287,252.1387247,1.495166881
19.261,97.37863605,68.1359731,56.52498741,14.579,16.083,2.1316279,6.489867942,194.7440575,1.27362078
26.28,99.86891237,93.08810678,88.97274966,21.611,23.075,3.038305235,13.16728683,304.1221724,1.539231412
17.14,98.60896445,80.46628796,70.32557859,13.105,14.312,2.988243752,4.513215536,93.8268981,1.629175434
23.909,99.81150292,85.44434739,77.77113696,13.344,16.327,2.875621378,5.198130575,30.85998847,1.243316293
17.588,98.67471769,82.71251568,78.13872334,14.79,15.735,2.83840387,5.465026486,248.6671549,1.334795583
16.899,99.55123411,81.00224383,73.44801795,12.501,14.169,2.95098213,8.275386637,154.8110199,1.303948161
10.46,97.94778204,72.36023688,56.84383031,7.931,8.748,2.254343193,2.901703452,275.9734189,1.24299578
20.7,98.91492279,84.85065283,78.61443987,17.908,18.87,2.797907719,6.775961206,242.8051752,1.027750682
18.186,98.67070243,76.64017308,62.69600411,11.625,12.994,2.841803112,17.17886267,308.4102112,1.682284524
9.537,95.57179552,59.44575088,43.36022575,7.064,7.822,2.165986911,2.792705601,98.63152489,1.000840029
19.42,99.1466952,85.18122166,78.18017967,14.9194,16.277,2.806920641,4.137332045,252.3817045,1.149809506
24.953,99.40765036,90.80590591,85.48924459,20.408,22.103,2.76383113,4.313522568,104.7130481,1.366289084
21.571,99.47615484,85.76287988,79.98406111,17.302,18.987,2.951953834,4.169548951,118.6862386,1.140352102
19.184,98.97915169,90.70213276,82.32925953,15.0372,16.6352,2.788366491,5.653602296,261.5606606,0.985162447
22.842,97.36649894,82.47443597,76.30660607,18.4514,19.50885,2.504674966,1.38893907,224.3221485,1.160829113
19.562,100,87.34600325,81.21478369,16.857,18.393,2.271623596,1.562906723,104.4660628,1.414940224
24.196,99.13704541,92.21286213,89.2130676,21.643,22.7577,2.917147423,2.637219149,231.4227938,1.1230448
22.975,98.86790484,83.27594602,75.21737618,17.102,19.205,2.943972637,5.37784631,196.853423,1.308878865
18.299,99.65361044,89.75486278,85.29842792,15.237,16.275,2.937039444,6.163211145,312.4672787,1.09049578
15.158,99.81779374,82.54464053,73.4759748,12.4504,13.347,2.860932786,3.3197388,195.8202034,1.60049578
20.084,98.31587228,76.6742947,65.45482175,11.576,12.865,2.633471322,5.684335063,143.1430897,1.48619606
21.517,99.89059081,96.6356674,95.62363239,18.347,19.77765,3.107130612,3.198779187,153.9625404,1.494515388
21.924,99.53769387,91.29339549,84.69757072,17.567,18.995,2.115432453,3.532438727,111.4117382,1.254127855
23.067,99.23202472,89.50190901,83.22112442,17.4567,19.374,1.899585629,7.055452914,222.6976446,1.257957519
15.899,99.68782976,92.03306367,86.6338375,13.405,14.12285,2.998864733,14.46555763,252.5164188,1.353684186
17.472,99.51858108,86.91722973,79.09628378,14.0364,15.11615,2.884712938,1.390852201,259.4852657,1.487162447
6.078,95.65034038,40.21929032,21.25429243,4.718,5.168,2.600351528,3.965599937,202.1532996,1.475344265
12.701,99.86678339,95.32219389,90.48072165,12.365,12.431,2.101559433,4.258617135,92.61639045,1.444309988
18.825,99.4098956,92.78256922,88.28869723,16.4484,17.1832,3.040248322,5.488487685,186.305914,1.243162447
23.783,99.48791598,94.63834973,91.73412249,18.524,19.507,2.340119338,4.254551191,84.51857659,1.154664886
22.27,99.13235065,88.47293714,85.42739042,17.074,18.242,3.069507642,6.287476789,147.6093975,1.289435174
23.174,98.78688232,84.53367325,76.54803361,16.005,17.387,2.883869072,17.11892235,302.1320248,1.198451259
23.673,96.92016072,78.33257728,67.106798,16.0237,18.54,2.145697716,4.105505502,216.0132589,1.315128904
20.127,98.3109664,77.18537242,67.06723646,12.181,15.155,2.09722077,2.624456386,337.3360418,1.493890108
22.918,99.7152296,93.40398819,87.23583337,17.547,19.118,2.033222539,2.690792282,120.8269573,1.338867649
11.962,99.36447956,88.86980419,79.98969426,9.492,9.942,3.046495941,4.142131798,75.17327488,1.014162447
25.371,98.24784209,78.61032783,69.69347999,17.6243,20.405,2.628079965,14.56454917,157.2533246,1.041057495
23.837,99.24301255,87.92264007,80.17786842,12.349,14.407,3.13150549,8.670717653,171.3906591,1.123577541
23.253,98.47823819,84.88976431,78.95857494,17.136,19.24,2.012267789,3.847436027,280.9304849,1.113918502
19.86,99.64557336,91.66728199,83.81082478,16.732,17.761,3.051102084,4.748159647,50.50064969,1.455529794
21.142,98.09392808,88.01336215,83.78856357,18.4064,19.8604,2.502561569,9.369972213,200.9346246,1.402587979
24.624,99.70009372,93.71134021,90.26241799,20.6795,22.35365,3.050266159,1.740961491,223.1609743,1.351039998
14.158,98.20748299,78.82993197,69.43537415,11.069,12.2995,2.680356085,3.722959872,204.1332846,1.463510273
23.633,99.10310889,89.29014405,84.62568341,18.494,20.247,2.912767345,10.6753009,159.0483215,1.181535701
5.953,98.3074266,46.52849741,24.11053541,4.743,5.033,2.573243859,3.462530375,153.038018,1.862718002
21.489,98.90404286,94.08183147,92.93716512,18.0895,19.0705,2.758963781,2.264335069,157.5546735,1.456727664
15.593,99.83984582,87.32067482,75.74207033,12.297,13.299,2.070422224,2.394115218,120.1023941,1.524534348
18.461,98.44374902,85.92164776,77.3368937,14.138,15.399,1.821588542,9.074206924,340.763205,1.4646591
21.793,99.85071656,96.28781847,94.48646497,18.5393,20.393,2.364564646,5.344842997,269.5357777,1.405912447
18.02,99.49455555,88.77993555,79.76885054,11.84,13.385,2.826371655,26.77776011,325.6735382,1.342176675
23.937,99.97837838,88.64324324,81.51891892,19.8214,21.875,2.761086627,2.176371303,180.1426685,1.495344265
22.661,99.26991727,88.68364148,82.11548748,13.63,15.2297,3.076143032,7.624933446,172.9181415,1.369189334
26.415,99.31057124,89.38498577,87.59028234,20.305,21.92515,3.066782079,1.517234527,151.9715802,1.177351126
10.603,99.64554719,87.6107665,80.21156402,8.613,9.14,2.211948082,9.761212268,124.9531746,1.554560821
21.795,99.45246893,90.63402754,85.30399731,17.4232,18.817,2.471412687,16.13578089,166.7914925,0.994825998
22.638,99.28945904,84.82469321,77.34127432,17.298,18.569,2.937342412,3.203245065,178.7108675,1.34016586
8.52,97.1200593,66.64849899,50.59844339,6.68,7.15,2.95787608,5.820253199,78.48142412,1.325695505
23.662,96.38954869,81.65215096,75.88281869,14.721,18.3748,2.512273817,3.813696025,118.8306213,1.006245015
12.893,99.55694553,91.13891061,86.52593172,11.1737,11.638,2.685187564,3.108106664,317.8609666,1.241329113
16.078,97.73714699,75.30171373,66.18995897,12.0969,13.58425,2.968623602,1.542226959,129.7199333,1.517162447
23.601,99.46047561,97.22906288,96.82300968,19.116,21.339,2.97787135,3.365296655,121.5645316,1.300631197
19.977,99.16377141,86.52090571,78.571343,16.194,17.29605,2.270126014,3.697535476,85.7970953,1.278688643
20.744,98.54282991,87.10336375,82.18711698,17.171,18.3957,3.1002121,4.061028706,215.8951135,1.013962447
13.992,99.68119022,72.75947574,57.98795608,10.3818,12.291,2.669705129,3.272078315,143.0149803,1.358526083
25.648,98.24672554,81.52674519,73.75208492,18.8806,21.37,3.117703801,9.850138755,163.3707014,1.062192387
2.077,81.20831958,0,0,1.63,1.697,2.467230743,3.940784838,190.8243624,1.854609255
26.895,99.5687479,94.75870919,92.08389431,20.951,22.538,2.361809264,4.326328292,160.7516473,1.04107549
16.271,98.19396338,73.77906977,63.49703117,10.551,11.722,2.934174375,2.196272683,132.6654618,1.402787447
18.46,96.60541887,73.18592339,68.91933977,15.01,15.9335,2.874966549,5.279593317,299.2363892,1.30249578
6.398,95.61525936,46.26657362,20.96999302,5.427,5.679,2.755253951,2.748970672,169.8399892,1.317162447
22.65,99.52373393,96.04699159,93.11001746,19.0275,20.2206,2.585942775,10.01088548,129.8988564,1.529709616
24.056,99.83429992,97.59993786,95.72027755,20.008,20.725,2.182442162,3.664873633,82.48819695,1.179505859
20.803,98.57876529,89.1954064,83.19661899,16.153,17.803,2.692244066,4.389473645,146.3618734,1.49014946
13.279,95.38414225,53.91411317,39.63319168,8.167,10.012,2.725658523,3.874548247,122.6000928,1.377846657
11.953,97.71110706,79.17198614,72.57888018,10.5235,11.10075,3.007782811,11.22629154,285.4131233,1.462931677
23.047,99.30355796,90.48391784,83.79376435,17.737,19.316,2.076373306,6.302850261,269.1914001,1.302413843
21.226,99.49827467,88.06840952,81.95506331,15.351,16.962,2.924602175,3.08389356,186.6428125,1.093750682
15.607,98.32019094,80.30454092,68.17124384,11.71,12.9682,2.103280034,3.726692367,150.0877142,1.265266284
22.089,99.40471528,89.03422887,82.45568769,15.833,17.45,1.827858949,6.229365621,31.83703016,1.113009129
26.84,99.52330375,92.69782262,89.11817515,22.749,24.326,1.93528254,3.33632447,263.3819395,1.171822824
26.655,99.48255068,88.27341815,80.7875864,17.59,20.016,1.822431289,5.312084895,320.8806686,1.213523633
14.49,97.66953601,70.45979425,61.03296242,12.677,13.34,2.956707516,12.0974757,281.761611,2.28040569
22.879,99.29788607,92.01108201,87.22532164,19.862,21.1458,2.389984368,3.001924109,279.2112671,1.160355218
20.508,99.76142464,95.93285808,93.53858388,16.785,17.786,2.918071467,5.283537107,125.1937378,1.189058998
7.82,97.05141318,64.96619852,43.42554943,6.47,6.83,2.13743826,2.924510615,82.20629174,1.559135957
23.183,99.16422742,80.39375856,69.8539478,16.481,18.72,2.554507905,5.431625199,130.0691798,1.1747951
19.909,97.43986254,79.10652921,77.40549828,15.97,16.79925,3.046248416,5.542220273,159.0290435,1.260997033
22.318,98.26124679,72.7292301,60.78698439,8.281,11.72,2.293017015,6.782854665,137.1831284,1.610733875
6.282,96.92227845,46.45646815,26.51615415,4.972,5.392,2.434529057,6.004464896,254.3481506,1.509515388
18.168,99.67932273,93.3619805,88.72498717,15.6948,16.503,2.883088983,3.226764281,276.7314189,1.425623985
20.545,97.19797956,74.56064319,68.04351725,14.9225,16.9955,2.958768787,10.70440385,272.07798,1.30398937
7.828,96.42254771,47.74966711,33.09365291,5.445,5.8438,2.104178881,4.745548032,294.0099238,1.577389719
13.98,99.01028527,83.45485293,74.8024729,10.881,11.8505,2.441490122,3.270290827,142.3949272,1.364141613
21.025,99.83442252,83.89241603,76.09319942,15.145,17.316,2.20036999,8.458852648,334.6523107,1.187750682
19.394,98.51664585,86.72596022,82.10075843,16.287,17.183,2.752354326,6.790976174,178.269853,1.15233486
21.569,99.37038303,87.88743132,81.8738663,17.4,19.132,2.754066047,6.927542762,310.8839288,0.981592826
18.88,96.4745518,76.22428107,67.41667669,12.33,13.643,2.416122842,3.230359835,260.8094817,1.279213729
17.447,97.0531918,75.7646874,64.97608971,11.937,14.498,2.97061512,8.963096892,135.626052,1.493596555
14.443,97.0693761,75.83597458,60.88220342,9.98,11.043,2.978638341,25.46872957,301.6309638,1.502752363
24.261,96.53055464,74.90708943,60.91640401,16.195,18.363,2.128325128,8.560386372,314.0711729,1.222668555
7.299,98.07950835,58.5749952,35.60591511,5.5694,6.0769,3.003618841,1.240127422,166.6938055,1.755310595
9.449,92.80661517,60.62531305,44.61638503,7.285,8.054,2.89116483,3.857255037,165.3482323,0.948648933
21.473,99.36052541,92.84479779,89.1634981,19.243,20.221,2.389709467,4.736788896,83.80177362,1.440162447
4.579,83.05066552,17.19264348,2.053814226,3.354,3.729,2.876128767,9.275390002,288.0208834,1.632762447
17.057,99.20292696,88.5665752,82.13119038,14.8915,15.41,2.776219181,6.654431866,295.6667236,1.375662447
22.092,99.68158203,93.98357634,87.51466399,19.871,20.476,2.844804241,3.174391854,284.7510563,1.204662447
24.086,98.95006172,87.16095743,80.60026201,16.668,19.904,3.131556155,10.58792283,190.6536713,1.195685956
16.483,98.06436838,77.82346547,66.41373229,12.514,13.669,2.818717826,9.961815385,234.3106241,1.404715254
21.119,99.18384039,86.24536125,78.52534402,16.518,17.785,2.967131183,6.856783882,125.9691397,1.412564746
17.939,98.93332804,88.45630518,82.23007935,13.587,14.976,2.972345995,6.499693043,140.2991501,0.996220038
12.609,99.4247246,86.53610771,79.9755202,11.016,11.609,3.057395591,6.126242564,79.87945733,1.391672251
21.809,99.39223105,92.92122415,87.78687194,15.6409,16.702,2.991688881,10.51206232,206.2787602,1.254769214
25.322,99.42833114,94.43901441,91.330636,19.758,21.897,2.903286498,3.289471074,125.6018815,1.133600803
15.271,99.08529495,87.29231803,77.40110075,12.756,13.731,2.569279226,10.90165834,109.3558474,1.357677911
24.328,97.79032064,87.31235739,82.40062447,18.084,19.93,2.226092189,4.699858869,97.7866745,1.093237715
19.138,99.65630577,90.17143272,83.75054066,13.471,14.188,3.071436135,8.624637326,41.36173317,1.419165552
19.716,97.97917942,86.78505818,83.72320882,16.474,17.8344,2.925909558,3.459958458,77.97996628,1.331777831
2.764,91.87568157,0,0,2.054,2.214,1.974272093,26.03182204,135.5641569,1.711805304
13.936,99.35663939,86.19455351,75.00039422,11.4354,12.069,2.818953763,6.151132325,261.562164,1.539678576
3.026,70.36654621,0.103252452,0,2.392,2.5128,2.986946344,5.12731123,67.96806899,1.721329113
2.823,82.90130797,0,0,2.143,2.323,2.830606588,13.07434975,160.6038747,1.46095192
17.341,98.79125447,84.75766897,79.04231441,13.631,14.991,2.285597784,3.369345224,121.8777722,1.459986521
2.701,85.99298366,0,0,2.276,2.396,2.716968267,12.26715899,169.1624039,1.46519983
22.5,99.59281946,95.53871756,92.73094218,16.2798,17.662,2.265097745,2.647143305,155.0332397,1.097104053
20.843,98.74181171,86.31415488,80.45727248,16.058,17.157,2.150369141,2.558023914,162.0545906,1.065181315
18.387,98.29390906,83.20876931,75.13857142,13.26,14.81,2.699387397,16.47744211,328.6832547,1.487504817
21.543,99.05581391,83.57560046,72.55908729,15.6478,17.901,2.620298516,8.968268083,207.9239064,1.120493052
21.269,98.22056968,83.51086534,76.74694338,16.231,17.75,2.028921282,4.386506119,105.2534764,1.09431841
28.564,99.59214902,89.15108359,82.80378974,21.591,24.101,2.176876651,6.642390457,88.86125014,1.115635069
8.644,98.04317127,71.37381481,54.26669356,6.952,7.46045,2.918746102,6.192864821,268.7086248,1.822162447
16.353,97.88682712,72.4467195,57.98428246,13.386,14.573,2.856777648,4.631010556,59.24620717,1.493458743
23.208,99.64327984,94.89418405,91.5703136,19.174,20.3469,2.147270102,3.523995109,54.36209897,1.137892605
13.372,98.55886164,82.79271702,71.64548906,10.837,11.541,2.57396055,4.210705419,185.8953174,1.465863745
3.67,87.77043269,5.288461538,0,2.82,3.0186,2.972951234,5.870861894,250.0119405,1.570691858
22.036,99.06068904,87.20626632,82.89498822,14.489,16.8705,2.254760582,10.2161024,83.12115942,1.22875019
14.437,97.62962315,76.95872141,65.12482769,10.533,11.767,2.164742477,3.989100932,68.2452301,1.831513359
19.009,99.84652769,92.76122266,89.65340836,15.9962,16.7955,2.991392544,3.941058677,289.5837598,1.509940224
22.197,98.50709987,78.83870643,68.68011199,16.223,18.34515,2.82217577,5.496910236,115.501122,1.280366672
10.55,98.36368702,74.54342815,61.57450797,8.169,8.769,2.8047759,12.11931733,255.2417271,1.221430739
24.594,99.44871491,89.12464867,84.42721208,19.289,21.381,2.133437969,3.689457481,203.0279166,1.198412447
17.213,96.9363167,66.43717728,59.03614458,11.223,13.2164,2.948005277,1.963356531,216.7016454,1.097162447
19.86,99.67281035,91.25106482,86.87756524,16.6157,17.686,2.874277831,7.706275926,145.1711602,1.402359297
16.689,98.71589709,83.10940712,74.24848586,12.098,13.431,2.196432056,16.27578242,48.22648217,1.442524362
22.854,98.06290957,80.71821756,77.23722149,18.143,19.396,2.464598856,7.17963133,257.7506393,1.494063031
16.69,99.67296334,89.39815493,84.74642456,13.984,14.514,2.695561576,4.497898862,186.3321589,1.445858099
22.214,99.47161605,93.33654433,89.33265298,17.087,18.428,2.13339064,12.36371722,181.5560218,1.273978521
24.903,99.75170786,88.61728614,82.88492684,17.222,18.72,3.07659189,7.552366868,178.4127218,1.400622249
16.15,99.43307087,89.85826772,88.81889764,14.214,14.4046,2.70636077,3.018162714,159.2748515,1.496606891
20.312,97.28857327,83.92511298,74.95158167,17.9357,19.0823,2.979574915,5.866202641,274.4215627,1.225583499
20.421,99.15766194,86.70471823,80.46483076,16.031,17.36,1.86241877,7.344126873,342.4936044,1.342504062
2.546,73.07512832,0,0,1.616,1.7005,2.746415894,2.53102903,218.6377026,1.952968898
23.634,99.07526082,87.29648158,80.50412756,17.35,19.221,3.068680608,10.52444829,153.8926159,1.150443517
19.663,99.26646987,90.75524328,84.46737743,15.829,16.963,2.601604587,2.511698598,193.3200598,1.18886056
21.891,97.29517836,84.51587613,81.14464916,20.285,21.0865,2.54487564,3.169664477,136.9598598,1.876253356
20.554,99.66646452,94.91358399,84.8468769,17.0767,18.454,2.922988379,3.727490741,190.4068422,1.00969976
19.361,98.88126294,80.88968661,76.50244246,15.974,17.195,2.788373264,14.35576686,283.652911,1.672679688
10.931,95.92830101,75.87112725,63.50923279,9.0728,9.659,3.040350586,4.381848909,205.7861131,1.712162447
25.976,99.31325938,95.24564184,92.92128896,20.4544,21.3486,2.735307506,2.319683297,151.2054389,1.49249578
21.767,99.16238042,80.77296562,70.82928724,16.052,17.879,3.085679463,12.73572565,118.9139929,1.156539046
23.668,97.96846067,87.61188842,83.55716587,18.3399,19.856,1.636731893,2.592208672,123.9158624,1.387288829
25.013,99.77311033,95.83819525,92.99883314,20.652,22.426,2.712056612,4.880965259,91.69072287,1.353790354
11.071,97.51490388,65.43304977,58.34282269,8.446,9.363,2.99034854,1.376831394,202.6838507,1.517440224
18.751,99.28147022,90.58311455,87.15628023,15.403,16.918,2.962531213,4.634610864,96.16092121,1.218624241
11.488,98.94052559,75.08934993,63.18616874,8.726,9.628,2.879804215,5.384769472,127.9040252,1.589225227
21.964,99.02696968,63.44137176,45.00154015,7.552,9.32105,2.858032143,12.43247045,162.6730465,1.420860915
25.102,99.00886802,92.8534168,91.60146062,22.6782,23.884,2.459286619,5.876586378,214.565342,1.062616992
27.8,99.76236768,91.98531,89.56578095,23.525,25.7284,3.003409947,2.105677482,134.5148976,1.421008601
15.515,97.26633126,65.53730053,52.74546026,11.3238,12.555,1.974874762,24.86625356,156.4685869,1.369829113
25.991,99.77688381,98.19478719,96.38619384,21.255,23.07,2.617511777,3.867308433,175.6305,1.315852102
15.892,99.9754902,87.86764706,79.79166667,12.538,14.1306,2.512223176,1.468994837,197.1907244,0.959889719
24.259,98.50768082,85.25218408,78.17706473,19.544,21.139,2.119633394,12.85562547,62.22579187,1.214890347
25.919,99.82595453,91.26509301,87.91471772,22.3438,24.0538,2.805358253,2.317917018,214.9495881,1.351236521
14.96,98.03231221,78.9448236,66.65573661,10.784,11.85,3.006831862,10.58831269,198.2227452,1.482687277
24.716,99.7046275,82.58943223,76.3702002,19.998,21.74585,2.896270913,1.561322863,253.7222778,1.274854754
21.045,99.86105875,94.51902182,91.34836553,15.61,17.124,2.804542894,8.493454619,154.0913427,1.366949681
2.762,80.43654002,0,0,2.173,2.313,2.958070838,3.98544692,150.5557661,1.697465477
11.727,98.79087452,80.02281369,70.33269962,9.446,10.046,2.831283126,4.27479076,279.10851,1.282718002
14.399,98.90012533,85.26945849,74.60564415,11.799,12.5502,3.037967885,4.470190709,239.6469498,1.609448161
21.41,99.00393431,79.2803093,70.80304755,12.956,15.759,3.01884999,15.1920549,164.0177002,1.333289036
23.575,99.55425092,91.79169385,85.61426397,19.586,21.1041,3.067046003,7.624901707,95.36801332,1.468032012
22.867,99.36531019,87.00708583,79.53366753,14.966,16.482,2.411088255,9.185279651,175.1863674,1.335838595
14.391,99.3741857,83.91577853,73.50611198,11.085,11.957,2.78670152,4.600497259,161.2356067,1.374203867
10.471,98.31795105,71.34028645,56.14345266,7.807,8.596,2.979010008,8.740295049,128.5833985,1.492162447
24.228,99.56746245,93.39458155,88.68696352,20.966,22.18765,3.051120417,3.157093213,226.6894758,0.797750682
5.102,93.34131737,28.0239521,10.61077844,4.0492,4.3329,2.906962512,6.94483695,247.0812265,1.772400542
18.937,99.5396447,87.79330237,78.9610661,13.821,14.707,2.930572973,8.854222773,190.3723755,1.24163386
18.825,98.69831547,94.18070444,89.28024502,15.564,17.3197,2.829729542,2.5327667,267.4356657,1.28249578
10.593,99.22292209,79.95515542,68.30925647,8.665,9.155,2.66334786,2.989177995,239.8939819,1.421448161
29.326,99.87448103,93.32818384,90.59573235,26.493,27.5476,2.725423945,2.029387899,132.3047796,1.465583499
21.24,99.62642852,95.47293265,94.31169271,16.319,17.821,2.289829069,4.609515689,102.4430646,1.460314105
2.091,93.44,0,0,1.831,1.891,2.804979797,4.150669995,208.0791746,1.89023937
21.132,99.154972,85.3258194,79.05268828,17.085,18.623,2.0931197,3.63511214,91.48224106,1.323782897
19.807,97.6742458,89.69386239,84.79714668,13.5806,15.271,2.518239968,2.835302339,164.4144903,0.978829113
17.634,98.54195596,74.60821266,70.99285856,13.767,15.9171,3.085112434,3.090901554,109.2580712,1.427800745
23.58,98.63724435,86.73196986,81.98062433,19.981,21.34855,3.106954055,8.18939573,328.4610891,1.299553751
22.186,99.4762086,93.57746479,91.22801675,17.908,18.723,1.463499164,8.685201428,208.0310808,1.391531379
27.069,98.86052871,93.32891357,91.38559708,22.4763,24.42295,3.060608178,3.598886727,121.9210483,0.984618587
22.439,99.46351931,95.27896996,85.51502146,19.0459,20.5225,2.964721249,4.904418451,285.0954862,1.24849578
22.713,99.29118555,88.20166914,85.11489654,19.6246,20.336,2.685339338,2.182959531,229.1536009,1.422718002
21.32,97.91225416,72.88956127,66.38426626,17.7588,18.784,2.550050384,3.241135543,147.9803724,1.095057184
25.42,99.32736542,89.23784672,81.8850833,16.78,18.306,2.33033365,9.825755198,239.3080165,1.243270091
25.274,99.51170498,93.21499083,88.83620082,19.7493,20.903,1.894011128,3.936677865,273.1587742,0.983200482
22.669,99.78276509,88.87821582,80.9576824,16.9723,18.936,1.790510983,6.088027926,135.4372277,1.300908427
12.428,97.84399471,76.84328282,69.94813384,10.146,10.9068,2.85685996,2.932771111,236.7797397,0.931008601
19.943,99.58086396,90.83083579,82.57881335,16.512,17.703,2.288127503,5.640387654,346.4238251,1.335322385
5.795,93.92978841,52.6349156,34.33711071,5.007,5.265,2.995052473,2.611096966,266.5512497,1.354281091
12.199,98.61176732,67.87054279,54.77057336,9.062,10.183,2.074589125,7.045315632,324.3277424,1.448946484
25.114,97.50011494,80.31814629,71.30131948,17.128,19.926,1.788704521,4.978664411,49.89779549,1.255097413
21.977,98.74111553,86.94735574,82.94181424,19.4718,20.323,1.915674581,5.678535691,142.9527414,1.11176959
21.47,99.13569576,78.13310285,71.04580812,16.3236,16.582,2.728499658,2.995179324,280.518749,1.251777831
3.001,91.24286103,0.013598042,0,2.362,2.491,2.595254754,5.562653541,173.2736612,1.522957901
16.106,99.28617142,92.41864816,86.2846453,13.791,14.57,2.547552573,2.917360553,262.4061045,1.341162447
25.178,100,90.25608994,84.82198626,17.498,20.106,2.990848668,5.089908796,145.3730848,1.428071538
17.322,98.89504848,82.82336954,76.13056655,14.146,15.002,2.083814172,1.910946345,214.9863205,1.38416418
17.822,97.95292224,88.59269691,80.32391108,13.9413,15.381,2.840617781,3.074816916,194.9938754,1.376253356
21.052,98.36305833,82.05451963,75.27451467,16.853,18.5755,1.876703487,3.756299456,120.6566947,1.240952178
23.222,98.56210396,86.52151127,79.9475916,17.916,19.599,1.870172476,15.17277308,152.2084451,1.489817314
21.428,98.09992555,79.78410125,73.41053851,16.755,18.728,2.634251717,6.637967451,257.1145314,1.008259819
11.746,98.29853055,81.5158546,70.63676205,10.046,10.676,2.833867967,3.849089818,35.22170575,1.408700908
20.178,97.29206963,73.30754352,69.63249516,13.6002,17.69,3.067040508,5.505268728,309.9638044,1.363684186
22.773,99.87080799,94.67621252,91.83398827,18.7206,19.8902,2.870700584,3.852850273,66.19475377,1.264435174
23.856,99.61052386,90.72726666,84.29824269,18.525,20.617,2.966907252,4.161721501,143.8460289,1.289973835
4.34,93.64060677,17.67794632,1.458576429,3.3714,3.6814,2.432640823,2.601808048,229.7792618,1.317718002
22.135,99.30647542,83.69823366,74.37985423,13.879,15.667,1.937170568,4.70648873,301.4119843,1.239304433
12.583,97.45961204,78.631914,67.93585971,10.258,11.063,2.973070768,6.222226084,260.2189589,1.177162447
5.57,97.62611276,41.18976968,18.72262258,4.4968,4.8284,2.911591608,1.364319535,232.6839271,1.588980629
19.531,96.92743363,78.73982301,70.1380531,15.9682,17.3634,2.798000006,1.353005959,283.3754692,1.229448161
22.648,99.13363559,89.85051847,85.78354357,16.355,18.033,2.918342204,3.144750053,151.8552983,0.936117671
26.013,99.66680845,96.24273359,94.41726925,23.638,24.438,3.036766031,5.639567151,163.4473669,1.271191224
26.536,99.15767307,91.78731245,89.07607265,21.26,23.5801,2.770159806,3.624426733,288.1396696,1.209305304
2.498,80.23255814,0,0,1.938,2.058,2.90603365,2.190563248,244.8379423,1.445562447
16.248,98.85048258,78.11040978,66.30330962,11.408,12.923,2.655524987,7.501246158,86.72898775,1.32047805
15.667,98.26725404,78.64904552,70.21047479,10.657,12.7752,2.874728352,2.721050931,297.3339327,1.338591018
21.75,99.04103827,88.67002871,83.06477491,16.48,17.836,2.418681774,7.778270722,18.32768016,1.278096873
27.067,97.36978477,81.47083877,72.87070666,11.594,13.47,2.876220879,8.705040989,215.7943412,1.278704947
23.019,99.93373644,83.46724095,76.94027996,18.9156,20.4214,2.878734692,4.895859138,46.58097285,1.79023937
9.015,98.75648522,72.18150375,60.08399901,7.691,8.141,2.28465813,4.178489254,254.8774708,1.616537447
23.685,98.2189876,79.37339132,70.2109405,16.955,19.044,1.897377359,8.059355685,289.9959679,1.247749301
17.394,98.7992181,86.34459648,81.68109467,14.515,15.435,2.821905929,5.107378203,184.5965474,1.238162447
10.898,99.81792274,74.07378087,61.31253958,8.9167,9.528,2.657602518,3.65810643,242.7641307,1.252162447
19.766,99.35981376,89.77156991,79.38309326,16.015,17.275,2.92205263,1.643469383,152.9617679,1.122162447
21.459,99.4952293,90.71303991,86.08802709,18.988,19.839,2.615271881,4.346647226,130.3607505,1.220606155
22.557,98.75126561,87.73540331,82.97671279,18.6746,20.018,2.792021415,6.406426573,307.8756073,1.24424578
21.434,98.94478365,82.52588267,77.07061322,17.4589,19.29925,2.298056736,3.380948593,239.1939267,1.173013511
22.257,99.70826962,91.61275144,88.84837078,17.595,18.7548,2.333297818,10.28572302,270.0178665,1.170162447
23.809,99.09080033,89.9169021,84.72489348,19.339,20.892,1.997361846,4.281495745,58.95079214,1.199379515
24.1,99.6131528,98.86999898,97.97414232,21.4094,22.3566,2.477593737,9.398436844,271.2522354,1.103975794
21.86,96.06568998,85.06911626,80.49385633,16.6115,18.54925,1.685767036,10.57747173,237.7560398,1.392609027
8.852,97.03578559,58.39348794,40.42389802,6.348,6.9835,1.31721716,5.224554994,95.20471746,1.550991066
27.246,96.84063755,88.18495295,84.04455169,21.18,23.146,2.240226402,6.698699374,285.3649181,1.181522631
8.632,88.53572994,60.69706269,47.19421306,6.5148,7.0887,2.693377436,4.213415881,76.59425171,1.356377755
12.687,97.63690392,78.12367341,65.94028584,10.0254,10.7073,1.922726075,3.546362368,121.8058074,1.575940815
33.661,97.70253513,92.9422706,91.22692202,28.956,30.808,1.827727967,5.129915048,235.8763234,1.001479056
31.94,99.0246759,93.34235289,88.93219175,26.607,28.4439,2.306548457,5.802924232,107.2832777,0.872396192
22.626,99.17849141,96.26587005,93.65197909,21.4094,22.0131,2.616423633,3.179659041,110.6491754,1.018597006
19.911,99.36,92,87.19304348,15.9522,16.9459,2.859749526,11.63559784,304.7520498,1.231091179
24.28,97.93395152,90.98747356,86.83368581,20.156,21.581,2.760211743,8.636911608,151.1760136,1.111037198
26.108,99.07547951,89.89926866,84.08996826,22.9484,24.2137,1.959461586,2.913055151,160.142395,1.288142461
16.085,99.01565554,79.70643617,66.78747557,10.582,11.718,2.60065451,25.74433465,318.7654419,1.196947324
23.869,94.60216888,91.21481662,89.89886682,21.046,21.8454,3.024948499,6.551351585,163.7032553,1.11277209
18.391,88.44663801,55.08146261,54.22438041,10.303,12.04225,3.041061212,9.598264255,197.493254,1.327490287
22.176,92.39601705,75.71281599,70.29137272,16.532,18.135,1.916395988,5.582178211,322.8087809,1.236187471
24.709,85.92839301,67.61032473,62.78101582,15.817,18.734,2.771955562,3.299691933,298.5841653,1.009928175
21.266,98.49085439,91.78088734,88.3041215,17.8894,19.037,2.700815919,2.848926114,146.8073288,1.0652897
13.045,96.02728842,74.39381901,63.11953752,9.651,10.5781,2.296298186,1.561308407,142.7833261,1.328956414
16.442,96.31802872,87.89044496,81.65750753,13.17,14.072,2.988174711,5.743038367,263.2802574,0.537915188
30.449,98.9193163,97.03730932,96.25436501,27.386,28.345,2.775566923,5.373035381,117.5089714,1.160880017
14.934,99.37661221,94.66895959,91.10060189,13.0295,13.61245,2.297161144,1.624378458,246.0224753,1.394571032
7.875,88.58151854,65.42083579,53.67863449,6.8303,7.16915,2.644187131,3.848692876,124.3559424,1.253515905
26.511,99.4579318,93.14306894,82.98122066,14.917,16.944,2.608673725,8.502770956,174.7461574,1.397385521
26.345,63.85952949,63.85952949,63.85952949,19.9588,21.5104,3.039726145,8.632337197,88.92183533,1.425526283
9.14,94.6975089,64.03914591,47.25978648,6.9166,7.705,3.037010317,6.017441333,98.63233547,1.261911692
31.402,98.6365144,89.7747888,83.08529866,22.322,24.62,1.840201181,25.17834473,312.0177943,1.051848009
28.261,99.38610669,93.48516062,81.79725858,16.671,20.094,2.082124956,16.00080519,348.757901,1.1954819
25.799,97.65003615,90.20245842,89.76861894,22.561,23.94875,1.918024136,2.327746367,133.2466141,1.365642461
19.976,97.01730862,78.65962627,69.55318688,12.695,14.444,3.071071237,10.50106051,56.12090783,1.40891366
27.043,95.93450929,84.30193282,77.43666729,19.712,21.92405,1.889932022,7.788944562,318.0900955,1.245287969
32.533,99.23555556,94.54222222,90.38222222,27.8103,29.03555,3.012830432,9.246955013,153.5036072,1.213685096
18.029,98.15140427,78.48453167,69.3175878,12.3287,14.43745,3.078172719,7.638645449,194.6943741,1.064328143
30.405,99.62554035,95.92775131,92.85497949,24.7164,26.6892,2.450010864,2.300900123,146.2720654,0.925364683
18.595,93.71403704,78.995213,71.03138146,13.908,15.424,1.868139299,8.755777836,135.9071384,1.113988615
7.063,85.76874206,50.0635324,29.73316391,5.277,5.7293,2.85150144,4.448856553,148.773997,1.03140333
16.822,94.98711065,76.87798631,68.79628261,12.802,14.0229,2.129834086,5.868634842,46.27068295,1.01826501
19.249,99.39695289,88.04679034,81.24434245,13.887,15.061,2.502257985,17.64572907,311.7735854,1.255580726
30.502,99.55642926,99.0070064,98.97172237,27.772,28.652,2.695491774,4.517483766,170.2154079,1.143772382
30.648,98.05368579,86.11870705,80.1360258,23.611,25.57585,3.105550436,6.675916242,207.1179421,1.069807694
31.069,98.74304554,97.30063878,96.93660279,28.063,28.9552,2.896594829,2.218258563,248.4509901,0.984342461
28.964,97.78047755,91.28078127,87.59871034,23.626,25.877,3.003534911,8.092608827,122.0422157,0.599234415
31.467,99.79395542,97.518348,94.83065141,25.718,27.015,1.607381537,5.326595409,218.6173237,1.382387142
18.268,94.82419313,76.50223039,69.5158751,13.895,15.17595,2.87981961,5.662866339,122.9021225,1.280935564
25.51,94.15712886,71.03012448,62.56001578,16.009,18.799,2.922033644,12.16120775,180.1503224,1.313272763
19.733,97.71736135,85.83564353,78.55324806,16.609,17.8419,1.949793984,8.191938161,323.7217496,0.833346334
20.525,98.10791871,92.11632796,90.76734408,17.1456,17.63565,2.507108606,4.029390623,242.4379255,1.375017461
17.935,97.60049278,78.43896703,70.98845511,12.767,14.3077,3.111318703,13.82100264,157.6992798,1.416706456
26.186,97.26239669,94.57644628,93.49173554,22.245,22.96625,1.758785217,10.62931312,235.2202412,1.062428175
14.037,93.3301909,76.33749705,68.48927646,11.8502,12.6128,2.526241833,2.092537343,136.7495003,1.704881591
19.213,96.2267958,82.90960452,77.34059726,16.714,17.43925,2.293353011,16.20819478,159.5558365,1.198495996
15.559,96.19599109,83.85449146,76.00890869,11.4772,12.623,2.120221104,3.621259337,63.43569797,1.280050424
13.302,96.16252822,81.42534666,66.17220252,10.247,10.974,2.722161403,5.357094246,140.9995081,0.896050262
26.103,99.15654309,93.31843646,88.77384025,21.9237,23.3307,3.100705668,3.255096856,67.27703167,0.803142461
19.092,94.53302961,76.86300033,72.48616987,12.3915,15.9155,1.469699436,8.268671601,106.5037911,1.232687915
30.526,96.94211377,84.31798938,77.15533831,21.043,23.53285,2.549449236,4.087088871,171.1122316,0.773698016
9.338,97.15390021,79.72593113,65.10892481,7.855,8.294,2.069783329,2.861685573,287.1626148,1.219971729
22.609,98.49440414,88.19948234,81.37508658,17.901,19.411,2.145476555,6.817641337,47.51797672,1.145258002
29.256,98.62023296,91.567246,87.10444326,22.895,24.96235,3.057239236,8.059776287,178.5474655,1.201305628
6.365,83.62068966,50.94827586,27.15517241,4.9101,5.35945,3.011347426,4.061068013,155.7557539,1.24266627
21.743,98.19603127,89.59711365,86.10944077,19.7336,20.6388,3.051928887,2.807850811,139.0077383,0.740450153
7.435,89.92628993,55.77395577,40.29484029,6.6643,7.0649,2.992350684,3.783496802,121.2362224,1.215999604
24.143,98.16593886,97.68558952,97.68558952,23.2522,23.422,2.804923105,3.935505709,226.7882538,1.265869733
25.949,97.90650407,95.58943089,94.87804878,22.3881,23.37615,2.758816507,11.53320922,116.2949965,2.933142461
22.128,96.03452043,80.81227393,72.84975603,14.959,17.02975,2.08907952,2.870082634,214.0335831,1.030319164
25.219,99.94154296,97.88939312,96.81101454,21.3126,22.51,0.885486076,7.717050812,32.24644635,1.098561659
31.1,99.12472648,92.01046059,89.67283984,23.9064,25.3614,2.794472425,5.746805052,260.5173215,1.161234946
25.563,97.26858877,93.39908953,90.74355083,23.3732,23.9868,2.883019788,3.552497905,257.0056101,0.817809127
23.759,99.58668197,94.87026406,94.46153846,18.7206,20.1593,2.480654462,1.545360875,103.1937099,1.122158854
19.381,98.82226981,95.18201285,93.36188437,16.7838,17.70185,2.949990544,3.411551162,243.043068,1.247142461
30.946,98.92262488,94.63761019,91.6748286,27.4552,28.5935,2.826932682,8.207005733,160.9014683,1.094094842
30.131,99.44353006,97.34305196,96.06552238,26.0742,27.3791,2.94474014,5.222952817,247.7529682,1.001475794
30.371,98.93767705,96.42351275,95.3611898,29.2637,29.60955,2.943201932,2.606034323,92.99246209,1.036935564
11.204,91.65492199,54.33953481,38.22440409,6.405,7.673,1.157154063,26.64246615,311.5943882,1.739169554
7.996,96.6890681,59.39516129,43.08243728,6.096,6.627,2.008829407,7.300524822,194.9892767,1.141872407
13.69,92.69199009,75.18579686,68.74483898,11.2019,11.76855,2.86159641,5.61094606,245.735803,1.297517461
27.928,98.81137958,96.76539361,95.40140296,25.7668,26.5309,2.621447149,3.955277681,103.4852486,0.969809127
14.322,97.34584061,78.17917394,70.36212914,10.47,11.442,2.869243541,14.12928403,163.3397746,1.22451191
30.906,99.48975556,98.18052369,97.89178071,27.6859,28.55595,2.865527475,14.05826107,166.4574489,0.968738791
6.461,99.69325153,95.70552147,95.70552147,6.127,6.184,2.313714834,8.637191201,226.6941539,1.41683419
14.39,95.81932773,80.57773109,72.42647059,11.377,12.27025,3.007449453,6.808369189,139.6284246,1.436669858
17.775,98.81293932,94.05393774,92.04920384,15.75,16.28485,2.653419636,4.422141562,206.8527724,0.846988615
29.643,98.33105853,95.36885634,93.65261693,26.7262,27.675,2.271210293,5.506308219,270.0129251,0.873733178
24.807,99.47399255,86.40799741,79.46797175,16.409,18.629,2.672655135,19.44061868,322.7689012,1.246545328
26.675,98.20202534,84.5863312,77.90076736,20.334,22.36175,2.463761542,7.888823456,20.31537565,0.707130948
20.751,95.75791557,77.35286647,68.23276833,13.759,15.769,2.974706133,6.628799169,170.6241007,1.192735997
7.231,78.71891991,24.59527155,14.01734987,4.3423,5.445,2.943762367,9.746802949,159.2368683,0.903017979
15.878,98.65657221,82.57514592,73.25453655,12.276,13.337,2.77292438,3.284902748,142.607488,1.545421873
25.287,99.10791584,93.89468137,90.58606542,21.8114,23.0654,1.983295638,6.423457659,231.12046,0.853736413
26.362,95.07774587,87.88749133,84.95097554,21.3057,22.95635,2.060210621,3.375821127,90.34132406,1.069161878
31.801,95.55834014,65.97096354,48.01863901,14.666,18.111,1.938829777,16.54847805,44.80402529,1.269423915
24.095,97.98032195,84.81298262,78.66243247,16.696,18.9122,2.746300861,28.05128148,304.056585,1.051273451
30.879,99.2603358,93.15160753,89.32449517,24.2918,26.0944,3.073339767,3.823784385,156.9860861,0.920968548
29.284,93.06803594,88.65532734,85.97560976,26.0802,27.2319,2.751383617,5.502047996,141.3423729,1.35577404
15.562,95.67645517,73.56318825,66.97430519,10.754,11.379,2.989455162,8.119240682,317.361234,1.010589269
12.796,96.58677952,80.00828005,68.82101293,10.191,10.8702,3.068381077,5.443993493,233.6492202,1.258767461
26.502,94.3231441,87.77292576,79.91266376,20.96,22.847,2.450206335,2.445957106,249.1089648,1.029506097
16.75,86.35097493,64.06685237,55.15320334,10.854,13.7568,3.064701514,7.37350625,308.4654535,1.07606929
27.724,99.07621247,98.31408776,97.4595843,24.8517,26.56075,2.956229229,1.67334695,91.17879623,1.193559127
33.573,98.91248747,93.06979314,89.19137356,25.9995,28.528,1.823348318,6.947546173,324.0477554,0.984318297
27.603,91.44063786,79.9686897,76.57916773,22.346,24.0924,2.216163361,7.848322137,156.7040517,1.254879912
24.048,98.06557049,92.90264483,89.43734783,20.4938,21.4327,2.893525118,6.867763265,263.2487198,0.899737055
21.243,99.40411109,94.38005686,90.28810409,18.315,19.34085,3.004430418,4.020592707,180.4706097,0.746142461
29.662,99.9269745,98.59847208,97.23345691,25.6957,27.09685,1.820825752,7.607231921,348.5054793,1.213632276
9.2,88.14102564,40.38461538,25.32051282,5.0807,6.28945,2.881941078,2.23844677,127.9433949,1.255999604
32.349,99.34133645,95.31498991,93.72144906,28.0076,29.3832,3.030929026,4.531664038,112.9971365,1.049809127
31.101,99.66380276,98.77972855,98.14468933,29.03,29.7405,2.712996632,4.16830269,182.5446717,0.779392461
10.782,96.2070991,60.83745909,47.8979609,7.769,8.5962,1.684192619,1.722664861,127.6123581,1.41804004
22.418,97.6657124,88.70292887,83.57190046,15.326,17.109,2.858957766,2.501175438,124.3245883,1.157309127
19.235,97.85428398,84.21103937,76.11213689,13.82,15.321,1.796068736,16.47917947,30.67014625,1.072982018
19.249,85.82024433,60.60209424,51.61431065,11.7047,13.07845,2.590579768,6.418533786,232.1798499,0.941747112
27.508,99.9356085,99.45982686,99.00550905,23.893,24.69935,2.858981013,4.506088584,86.65337937,0.840834768
22.356,99.21090743,87.57991421,80.20550548,15.956,17.661,3.012129485,8.332424471,102.8065583,1.175151658
28.116,99.46817735,96.93045841,95.72807677,25.8344,26.7222,2.513965866,1.180518415,208.6028576,1.646142461
29.496,99.26039276,96.17444529,93.89186432,26.3309,27.34585,2.976511812,3.956471758,213.3456653,0.797517461
13.395,72.16981132,33.01886792,29.71698113,12.4757,12.84635,2.657246175,2.882763262,101.4010689,1.166475794
8.25,66.71214188,23.05593452,14.46111869,4.4458,5.5904,2.943514745,2.885971619,89.01519318,1.266892461
10.428,89.93014731,55.25278373,41.73179335,7.221,8.226,2.566908094,17.66969129,153.9899478,1.16222503
21.046,98.05710424,85.7112688,78.04527792,16.1355,17.65425,2.073205249,4.768660291,102.0576253,1.008977556
31.249,98.96739572,95.22725425,93.86942028,28.326,29.41615,2.976871571,9.043518067,288.6416357,1.107528426
28.651,97.74274296,91.51113258,88.89815994,24.79,26.066,2.798795462,3.050937414,255.2858142,1.831892461
17.003,98.46938776,78.61781076,74.02597403,14.553,15.59,2.45511775,10.73512758,169.761587,1.474094842
12.126,95.92106038,72.12253314,58.20677467,9.044,9.8363,2.711302414,20.57025572,322.0781156,1.282911626
31.481,98.00202233,90.06747973,81.16758497,17.797,20.975,2.696717113,24.8741982,310.800806,1.419613515
15.036,95.9589077,81.13108653,72.45662771,11.3182,12.5891,2.245406766,4.845381021,278.3108201,1.226761508
25.72,97.56035639,87.6478662,82.00376062,18.594,20.231,2.647006536,17.86235809,314.96422,1.375405261
18.309,97.83425042,78.41045527,67.80957344,11.533,12.779,2.983721737,15.95599964,44.32514059,1.10325532
16.818,98.58831254,86.51099803,81.84709455,13.853,14.723,2.348462575,5.451010855,213.9666152,1.68950061
12.256,94.32174977,73.63099356,61.93390453,9.325,10.2975,2.308022929,4.984311177,262.6947949,1.728707245
30.141,99.80906921,98.56801909,97.80429594,27.1586,28.3706,3.013264677,2.431696495,282.262352,0.987309127
31.113,98.60880619,90.80894036,86.9884538,26.956,28.148,3.003363564,6.800179738,149.5575438,1.068647048
16.228,98.31508003,92.1358192,84.13611223,13.143,14.393,2.035548376,12.42354707,42.2856849,1.281747662
30.014,99.24192845,95.2399651,92.69524433,25.764,27.343,2.121660934,3.219683541,200.7395177,0.981985436
16.479,99.27639284,88.67324745,82.79655345,14.2633,15.31865,2.397953312,6.193196608,67.11134224,0.911104927
18.144,98.92605437,94.02617742,89.36122609,14.7752,15.9684,1.40606582,15.11989221,158.9838814,1.021674571
27.572,99.47078341,88.53272643,82.55504675,23.3432,24.508,2.335185812,3.952951267,160.9782797,1.084626836
20.646,99.48104032,86.89758244,77.89276836,14.413,16.2005,1.752905086,4.599873221,31.93918441,1.024278824
25.271,99.26302518,93.4432244,89.21733915,20.712,22.121,2.395518254,14.0560137,330.9574468,1.146619992
27.008,99.36116815,98.84678406,98.40292037,24.357,25.159,2.949613139,4.976831052,218.4586133,0.946053853
7.822,95.62995689,55.87374248,36.99366583,5.942,6.413,2.879773679,3.247242877,161.2005929,1.404534213
14.874,98.50914205,93.71308017,86.90576653,12.6362,13.26955,2.768531019,3.199596893,186.2580854,1.187428175
16.917,96.87083888,84.25735383,77.09720373,13.252,14.4978,2.647019667,3.795312696,69.2567521,1.206814777
5.762,86.05940594,28.75247525,11.44554455,4.1096,4.4818,2.913392553,8.599647738,270.630969,1.068467905
13.257,92.68364929,72.27488152,63.0035545,10.3155,11.29825,2.865615463,5.503995946,250.6019782,0.775999604
22.383,98.75777994,86.51551811,78.67757867,15.4484,17.4822,2.912230693,10.28049552,185.2722731,1.330795349
29.356,98.95291874,94.75711454,92.37500467,25.145,26.549,2.640955729,3.748167582,258.0160321,1.377299764
30.522,98.02243457,96.59326963,95.26381388,27.0296,28.1457,2.735811051,6.78677553,150.3391399,1.110329961
31.929,99.13567313,98.28007683,97.45940283,28.57,29.818,2.650779741,3.711919608,215.5307396,1.259630755
7.451,93.76146789,49.12844037,34.49541284,5.2993,6.03625,3.028475071,9.974654344,157.6266949,1.422739235
21.144,99.15207877,92.20459519,87.1079504,17.332,18.54215,2.787540721,7.389152126,106.8821558,0.992794635
24.174,99.38558714,96.72121734,94.63680735,18.3878,21.2289,2.684291618,4.013513767,157.74016,0.837392461
26.108,98.57445579,96.60951647,96.07012136,23.214,24.277,2.638388273,2.226725312,277.271102,0.681324279
13.304,93.88139523,66.98587913,56.33463302,9.0745,10.33525,2.98997435,12.34147389,166.3812775,1.256901859
29.947,98.38330949,93.83822299,91.7869963,26.317,27.652,2.797424791,4.336333861,103.9580404,1.248999604
13.325,98.71564672,93.29094404,88.10072034,10.668,11.332,2.784801908,3.034262831,199.6384247,1.243142461
32.625,97.32915188,78.76991649,72.47820243,27.825,29.237,2.928065602,12.87979807,181.1903546,1.16497074
17.882,97.27440391,76.8269114,67.09405957,12.5632,14.3542,3.094148404,10.97991486,177.4958771,1.01694025
17.898,98.19583359,79.29906608,69.11711106,11.575,13.059,2.704318723,23.03533154,305.7567473,1.084313555
26.257,98.5070316,89.34772891,84.62400715,21.264,22.987,2.913142091,8.390763081,221.1790261,1.080060771
15.774,97.23518553,78.42214064,66.29539751,10.603,12.022,3.002130575,7.623929958,166.77646,1.459406301
6.275,81.6848403,60.31072083,36.16713307,4.9368,5.136,2.015320202,4.314137193,196.5276728,1.030668827
26.426,98.20502901,91.62088975,89.44680851,23.828,24.6318,2.655188507,6.256809386,122.7255276,0.782677344
22.64,99.30826058,93.62659503,88.30087307,20.1801,21.08055,2.964328871,7.862836973,300.8306059,0.959176943
24.891,96.32618159,74.02207711,66.23911692,18.5691,20.338,3.10917417,7.550233534,172.2348783,1.392456372
9.908,99.59272702,72.99558646,56.95005368,7.66,8.3599,2.943066108,4.270524164,114.5720678,1.244044511
10.679,95.18461603,50.68310037,35.07494106,6.758,7.717,2.868754313,7.493651794,151.4239102,1.700479146
11.496,99.3896426,71.22953024,58.77286039,8.506,9.48,3.003078779,4.820985323,127.4086175,1.242958984
6.844,97.37341499,30.69956008,15.33252825,4.366,4.902,3.069607121,5.054204602,113.6836281,1.486246198
10.943,99.44610237,76.49681224,34.85062509,5.73,6.8,2.07208441,19.72517204,314.4695587,1.415354561
9.82,99.46866012,67.74199147,49.53833185,6.787,7.68305,2.128341242,3.948360075,51.59715973,1.457291066
9.619,98.71108977,59.64728089,40.59508784,7.225,7.88,2.126144256,8.260351848,89.81362066,1.532020522
7.917,99.84927122,59.25350406,38.52907356,5.9167,6.403,3.027349045,2.588815103,117.9289584,1.571573115
8.552,98.03338077,53.83620132,40.97554664,6.792,7.662,3.084744714,9.20180691,328.8331442,1.56744268
10.113,98.90723182,64.38166431,36.58278254,6.37,8.132,2.609815903,19.41661942,304.7492943,1.253426581
10.369,98.34903824,73.45222335,56.57659061,8.699,9.129,2.911629568,7.87413808,181.0134838,1.779833984
12.554,98.95995104,71.94904784,52.10299027,7.761,9.214,3.040709873,8.105696797,196.3839237,1.487663037
10.387,97.94888145,71.60848079,61.67171476,7.9962,8.7732,2.743168679,4.286109675,176.9958284,1.411680138
10.833,96.5829553,53.83979824,33.12349754,6.8408,7.8,2.700242012,14.06518437,155.8408239,1.393885723
12.52,100,73.29515877,68.81832379,10.7618,11.36,3.051823341,3.897184037,47.23093386,1.402561257
5.929,93.48322178,37.63650008,17.36020707,4.64,5.06,2.772015078,5.094902919,152.101801,1.891255785
6.037,97.99611059,49.91967532,31.36044644,5.0358,5.357,2.800658639,4.048952069,257.6935933,1.652691127
12.089,98.172609,81.89492502,75.34015294,10.629,11.1596,2.994610179,2.06961532,142.6941071,1.654233984
11.004,99.4790198,70.43171554,52.48031878,7.338,8.254,2.068134315,4.937906981,45.42736933,1.458574484
13.5,98.66245136,81.05544747,74.82976654,11.9166,12.26945,2.298425672,3.303335761,324.1086426,1.142247777
10.924,98.52348993,42.66778523,19.89932886,5.289,6.26515,3.084093059,6.666864738,196.3996772,1.354940367
11.395,99.97895574,81.97909603,67.32995066,9.795,10.47,2.909676602,3.592882556,181.7692946,1.34304827
11.62,99.9460677,80.89210368,67.08860759,9.241,9.712,2.914546826,3.062650521,196.5141785,1.188680138
8.057,99.90145356,33.0130574,24.25474255,5.3656,6.16615,2.529707867,3.397812853,137.4215902,1.36038954
5.468,100,84.64063289,49.7980138,4.91,5.118,3.083115101,4.565366903,109.3550435,1.485365899
10.961,99.78827268,84.77554224,70.39110209,8.287,8.825,2.878557273,6.311874651,144.5502583,2.184688353
14.127,99.75751628,70.94106437,59.51019712,10.642,11.822,2.939166589,5.209087956,134.7474074,1.399278429
8.861,98.23494922,58.32117503,33.29536059,5.825,6.777,1.896123805,11.65660516,33.31102256,1.594101974
10.957,99.85279686,61.77625123,35.72129539,8.896,9.358,2.99503881,11.12779971,290.9861288,1.367929222
6.865,93.80971683,34.49616571,19.0580975,4.669,5.171,2.576830378,8.631212456,170.9334809,1.732759154
9.147,92,65.5,59,8.592,8.737,2.214369146,1.51717528,197.6511869,1.418924893
10.854,97.80762945,70.74779766,56.91194643,8.917,9.637,2.173320425,2.828432853,183.8768494,1.316401149
9.192,99.49448289,67.5083236,49.81696794,6.972,7.665,2.015513996,5.088648708,254.4498048,1.963136737
10.552,99.98018232,73.43110054,57.62319989,7.611,8.2603,2.963850262,2.843674801,267.8381019,1.478924893
11.498,99.97020784,80.91374295,67.13925204,7.6519,8.303,2.928385466,1.497485022,239.8645973,1.560250651
19.825,99.92029756,82.88105359,78.38260969,16.481,17.522,2.375440448,5.617371262,233.4642235,1.433635637
13.104,99.95997866,78.96211313,70.95784418,10.332,10.98425,3.082739084,5.304613721,224.7237744,1.340722873
12.514,99.95191647,76.47169941,66.42138343,9.812,11,1.970313781,6.008102044,119.5437366,1.279716337
11.044,97.9962068,77.92196505,61.95805844,7.347,7.798,2.923591651,18.11979614,304.8598502,1.422791758
11.928,98.56788818,69.91706044,56.6645739,8.585,9.545,3.069376428,4.193934983,138.1225262,1.505633984
10.457,98.82754877,59.23172529,35.7069259,5.66,7.067,1.745482932,2.335035972,308.8549876,1.98332376
10.769,99.70807655,72.85111904,59.58481998,7.8088,8.8487,2.599164026,2.871805192,226.9662827,1.520500651
12.047,99.87563736,77.98988517,64.01566969,9.329,10.123,2.778941036,7.74163281,156.3647027,1.262214937
10.71,99.45822046,67.55111018,49.2255331,7.866,8.736,2.222581636,3.791768848,202.0229935,1.507500651
11.349,98.92149413,62.91576548,47.79914655,8.2987,9.24,3.060820632,5.839038978,220.2578684,1.341269882
16.7,100,98.38391923,96.37382257,14.615,15.26,2.834943029,3.026941335,178.7500137,1.377833984
7.454,97.98504255,59.1180263,38.49222041,5.979,6.548,3.089959744,6.608208473,269.4295125,1.534955936
10.995,99.68222296,74.018032,59.97672098,8.424,9.055,2.976232907,13.1107477,308.3264883,1.201949369
11.8,98.69141814,90.52038953,84.81436397,10.3529,10.98,2.456826972,3.178396841,201.0116819,1.281708984
12.362,99.38445488,57.71517997,46.11371935,11.172,11.4906,2.144034406,6.374762517,136.6008078,1.349489157
10.159,98.77439228,69.62882291,52.21023886,7.552,8.419,2.80456039,4.938969286,146.1410613,1.482186926
11.826,100,76.05900749,62.55172632,9.293,10.082,2.825504618,1.991115736,195.2778388,1.279833984
11.827,99.73779481,74.05366555,60.8821807,9.4099,10.1,2.937761159,6.486264633,211.9616352,1.207021484
11.002,99.49285862,71.23783896,59.00952184,8.6977,9.46,2.902487911,3.76402471,124.3005091,1.08241463
8.824,97.10903348,51.69993275,33.12527021,5.7,6.318,2.056819965,4.404153017,274.056694,1.839153605
10.125,98.36381955,60.80262243,44.30174971,7.017,7.797,2.430053143,8.671362443,140.195979,1.488722873
13.085,99.66287084,87.36140246,77.00779143,10.8962,11.684,2.699904992,3.170843662,207.9878603,1.212092049
10.88,99.64114591,79.56348165,61.63651996,7.92,8.829,2.108323617,6.946172497,292.810169,1.241175715
9.069,98.90468364,54.73194234,37.55943942,6.41,7.199,2.865567927,5.401324912,200.1663632,2.008529637
8.912,94.01913876,13.39712919,3.429027113,3.3955,3.728,3.030966904,3.558088318,224.5399513,1.301833984
10.302,99.40186175,55.65611161,22.55282215,4.842,6.114,2.123649696,23.1991832,312.2262629,1.267488595
11.894,98.83763132,68.89390581,50.24195688,7.6213,8.706,3.105021038,12.56828406,154.274441,1.36856832
11.582,99.80225536,68.76169098,63.59360804,8.3229,9.69,2.810390729,3.499646655,83.89913861,1.281865234
12.15,99.95049505,87.75577558,73.60561056,9.9291,10.5803,2.981512646,7.391328437,35.22530327,1.178924893
11.009,98.85628964,60.93220861,47.4093344,8.924,9.737,2.339727339,1.848834552,160.7955518,1.101775732
10.446,99.92560562,76.18914772,60.29044807,8.086,8.636,3.054011417,7.024673569,254.9968826,1.335515803
11.512,98.19758638,62.2094233,48.87815141,8.231,9.373,1.963972393,8.548886442,274.2626239,1.419481179
10.393,95.68281938,43.17180617,25.83700441,7.056,8.38645,3.046393773,2.22697443,237.9152224,1.586304573
9.248,99.9228907,76.34061599,34.58186052,6.36,7.26,1.638774214,23.93475321,303.5835733,1.257665922
4.765,95.94536742,23.87068263,4.181685103,3.654,3.936,2.917136236,7.724583895,156.5546196,1.682286815
10.916,98.70431894,68.0730897,62.39202658,9.9051,10.336,2.931407869,7.741110267,303.6854782,1.6852186
10.434,99.29406037,69.81499513,46.68938656,7.681,9.34475,2.517960358,5.933951705,284.5430959,1.849023174
4.001,88.49303046,6.918186147,0.003734513,2.848,3.121,2.725524102,4.695833093,152.2267236,1.845626064
13.11,99.09015494,77.46929273,65.64264497,9.3903,10.62,2.473443961,5.489927544,127.8981099,1.319950943
11.782,99.38382524,74.15129672,60.986155,8.912,9.63395,2.054419569,8.734436511,17.37245435,2.139341079
11.949,96.67764964,57.34486546,46.56781988,10.8632,11.329,2.839494787,17.71230495,124.1623934,1.436133984
12.703,99.02172254,75.42559052,60.44214956,9.314,10.314,2.203591255,13.93924653,208.6472126,1.43592881
12.123,98.64864865,63.76917458,52.22790358,9.7903,10.82,2.960188171,1.970299107,262.149406,1.474119699
11.846,99.97441044,66.07872336,46.78974321,7.729,8.534,2.306088063,5.235234647,258.4778064,1.292471115
10.121,99.94833376,87.71635236,79.81141824,9.054,9.32,1.957932576,2.941896128,211.1112869,1.311833984
13.525,100,97.84074344,96.71100583,12.093,12.52325,2.609167871,2.868445868,264.4520142,1.289833984
9.89,98.97520942,71.60139474,53.96946889,7.3467,7.98,2.903142205,10.21889731,298.2819645,1.486619699
9.008,97.62409201,46.86491122,31.35088781,6.408,7.35865,2.752601213,3.379436516,186.7955922,1.389616593
9.422,99.5369242,74.75018279,62.12527419,8.0668,8.4965,2.702269234,6.838518103,151.0017103,1.2103603
10.976,98.34145562,75.07528687,61.16420177,8.064,9.016,2.811531105,18.60360146,335.5931044,1.3448409
10.987,99.63736254,74.99325224,58.18176278,8.226,8.971,1.985770977,4.590795975,228.5111782,1.268851078
8.254,99.91206745,65.63906274,48.23359023,6.366,7.196,2.665302134,3.754883874,127.579264,1.388255037
9.781,99.59769456,78.47770123,59.02842194,7.141,8.159,3.053799165,7.061832888,138.2652365,1.406976842
12.66,94.36263231,55.08513576,26.12057064,5.893,6.707,1.887776841,3.666731195,174.667253,1.405314043
9.233,99.96754696,40.5095128,24.48176545,4.739,4.985,2.636507127,5.507945776,72.58438803,2.338020798
11.036,99.63727514,72.86414264,54.40351156,8.011,8.6582,2.984131803,13.69915353,163.1327122,1.379726333
13.437,99.83740719,86.39640128,79.76261449,11.029,11.614,3.01907056,3.637001914,179.4538971,1.429833984
12.095,99.43345804,73.69321219,60.38482095,10.549,10.898,1.758134542,2.437683014,217.7627537,1.213393012
10.384,94.99691167,65.84311303,43.94688079,8.0565,8.573,2.950517843,5.426056827,245.9907979,1.133951631
9.34,98.72619574,76.04899556,47.04342504,5.64,5.959,3.084557907,9.350113403,111.7817493,1.506994706
9.578,99.24124205,77.03635871,62.16395526,7.53,8.15,1.67117896,3.955959038,71.42502871,1.328615234
9.81,93.65740741,45.69444444,40.09259259,8.85,9.01,2.835849183,2.953587081,133.1487152,1.841124307
9.064,95.98596193,55.09145545,40.09214143,6.441,7.156,1.729693327,12.44646104,147.0695088,1.576689574
11.24,99.56440707,75.16903606,65.1915742,8.352,8.806,2.686443976,7.002725458,187.2874832,1.234633984
11.09,99.96781753,79.6582057,67.98339715,8.424,8.699,2.671417763,6.357108389,111.0791016,1.082272147
11.521,99.85991128,77.77258931,64.60424936,8.338,8.7948,2.879794525,1.734426209,253.9167124,1.319449369
12.982,99.44784351,45.49344627,26.3523501,5.413,6.351,1.933050571,22.11585732,306.6437927,1.211786098
10.712,98.28275616,75.21599429,57.32595502,8.032,8.802,2.990232652,4.05465296,111.2604824,1.39659869
10.532,98.67886179,61.15345528,35.54369919,9.002,9.7245,2.937763175,6.389610681,113.242775,1.318881603
9.9,97.20501537,63.9832569,37.93762919,6.417,7.435,1.789925866,3.010111421,253.7659702,1.609243023
9.019,85.42918698,38.74588956,26.00068035,5.269,5.9911,3.080197983,14.69992548,299.430454,1.287611762
9.543,97.37601443,60.3877367,44.625789,7.988,8.51575,3.069012972,6.28516501,313.9910265,1.363529637
12.24,99.2850658,63.52772782,46.81663664,5.67,6.56,1.581612398,25.94646149,310.1711731,1.261703479
8.834,99.31980501,76.65041756,54.08683823,6.99,7.451,1.906983562,8.385076443,208.9084582,1.463623667
6.687,99.95544069,44.1069004,22.67334882,4.927,5.467,2.592105826,3.370469955,176.1337769,1.598833984
9.935,96.71899672,63.13615936,45.83383943,6.833,7.605,2.96172178,3.951121092,244.1443379,1.505987831
10.643,98.56883338,61.26809057,35.85703318,5.807,6.7,2.714804113,29.10995932,297.237186,1.549576144
9.704,95.69084629,52.66839378,35.78583765,7.864,8.5253,2.568696803,2.101851707,53.00388894,1.31554827
10.417,94.57667972,36.34829768,25.12202471,6.458,7.928,3.10538427,4.663231047,245.190242,1.488137015
12.676,99.26815404,84.96873668,72.81512008,10.619,11.296,2.975547049,8.78053341,228.6774292,1.225892808
13.372,99.13445269,44.62449564,27.44370689,7.905,9.302,2.557080589,10.89811721,230.8509528,1.400515803
10.505,100,66.68171965,48.66781069,6.814,7.7367,2.938606437,1.770612771,182.3234379,2.404119699
11.917,99.19137134,78.34329738,66.58489985,8.981,9.711,2.852059958,6.178607762,157.6827179,1.272082046
11.16,99.24911337,70.46224275,54.82337363,8.091,8.94815,2.381355794,1.837942388,201.0420168,1.273056733
12.845,96.53808111,52.62116716,39.71315529,10.941,11.8115,2.933404516,10.94288282,87.16975975,1.378833984
9.922,98.81659278,64.55176449,38.43577572,6.03,6.946,3.013267567,8.128699679,54.90549496,1.570896028
8.035,99.86166246,46.55960544,27.90508842,5.511,6.175,2.989400603,3.700813736,190.4018907,1.413833984
7.903,99.49394482,51.52940197,37.33821632,5.532,6.383,1.873707746,5.454800179,50.41123472,1.600110227
4.346,97.67691455,19.61639662,2.13613073,3.446,3.721,2.538500149,1.318838624,211.2724068,1.711333984
11.571,99.30369522,72.19065021,56.66599565,8.299,9.296,2.603529343,6.524270171,108.3437282,1.299191127
11.36,100,70.53949904,36.51830443,5.88,6.812,2.448869974,19.66987593,339.4478233,1.328415964
12.619,98.83783784,78.35135135,62.32432432,10.998,11.829,2.821201988,3.463687778,219.4355146,1.185716337
10.824,99.81106335,71.9303503,53.60606424,7.619,8.295,2.623781333,11.57504538,172.5428336,1.361726828
10.605,99.19407851,66.55922814,48.07286559,7.648,8.339,1.851467703,7.596826991,264.1460541,1.27322028
9.955,99.53488372,87.92861006,83.29908058,9.005,9.2826,2.60482146,4.58037896,144.2760504,1.740233984
9.661,99.63339799,67.75884786,45.77889202,6.562,7.265,2.489814315,6.103243946,149.8374247,1.840886616
10.087,99.92935715,77.11171662,61.47946311,7.8346,8.5562,2.967506817,7.553832922,149.0466746,0.94311683
20.811,99.99159264,83.23571449,72.26970826,14.101,16.1282,2.754974392,1.957041393,175.5329146,1.826985877
24.883,99.98830683,91.06057063,86.21959775,20.9,22.26955,3.00495758,5.649526665,316.8117317,0.949277544
25.436,99.8847352,86.65316719,80.41017653,18.6901,20.612,2.737614619,4.917250728,231.4237555,1.224770965
29.009,100,95.74485699,91.48805828,22.794,24.812,2.806746887,7.386597018,214.8235062,1.087402544
23.371,99.05330011,89.40581528,83.70007549,17.841,19.824,2.488772083,11.69793355,193.0934671,1.849979864
21.825,99.96068968,97.87505869,95.25218664,18.062,19.257,2.59111034,5.57263812,191.9957021,1.615823597
13.81,95.40349658,78.22739377,70.54532824,11.6861,12.36535,2.61659734,8.190007568,125.7635911,1.485979619
18.194,96.30460382,88.88016598,86.3960074,16.394,17.0822,2.585071366,10.40613741,276.6370016,1.721918673
9.363,99.19457495,71.37848034,53.38139653,6.865,7.513,2.09210669,7.93199838,77.95255411,2.04847599
7.687,99.72798368,62.80176811,43.09191885,6.169,6.667,3.071646798,7.468562453,55.50108245,1.268706892
28.002,99.9931747,92.64318195,89.31328971,21.702,23.3245,3.127017371,3.536348416,139.5198095,0.864244649
14.162,98.82326821,82.2491119,70.40408526,10.878,12.062,2.679032886,12.74834696,169.2757972,1.204032979
31.191,99.97795993,91.39597611,87.08714224,24.105,26.216,2.627771875,5.368521897,149.3720003,0.955193242
9.055,97.27061556,69.45412311,52.03252033,7.6249,7.85465,2.983729443,1.966144661,156.6258998,1.661476618
23.782,99.97895946,88.10527094,82.02881985,17.299,19.02,2.922860895,8.165634076,160.8460194,1.51547151
15.533,85.67139738,49.09934498,38.78275109,6.738,6.871,2.362798978,3.78165633,261.2659593,1.701827495
16.161,98.80945768,93.46405229,90.17941454,14.13,14.791,2.95289144,4.257338253,127.7177429,1.465034123
22.414,99.98159261,91.74980672,87.15900306,17.686,19.19075,2.842232474,5.647648255,155.0495424,1.079024166
11.773,92.80604134,68.28298887,57.47217806,10.103,10.792,2.522727579,2.09745588,177.426786,1.73311683
14.168,99.62656513,93.37336165,90.34194918,13.038,13.368,2.817717556,4.31830944,107.6588678,1.467753421
6.197,97.03772149,50.1848027,29.29666268,5.07,5.461,2.884360088,2.89750641,108.7916477,1.875180322
19.204,97.41512779,87.61191016,81.65458748,16.07,17.074,1.803303428,3.466374523,153.8962814,1.30723104
10.787,99.24581519,73.43797903,56.69671143,8.333,9.0541,2.404582331,15.09484592,109.4776201,1.025831863
11.048,91.8157424,73.47942755,67.35241503,9.573,10.0465,2.835980929,4.618902744,95.5110505,1.555584362
17.911,98.74334553,89.4687285,83.30496505,15.161,16.0198,2.815853234,4.687087507,91.01576857,1.254927297
8.731,95.60356975,55.3217473,38.03663692,6.261,7.1,3.041829702,4.021630278,109.3568832,1.646688258
20.645,100,89.64257166,83.5445929,14.5754,15.494,2.586798003,5.9899465,287.7062189,1.271402544
8.462,98.25768911,69.76891106,55.01911887,6.82,7.382,2.052623274,1.429268854,68.40896434,1.723317286
17.224,98.72530653,90.58748897,84.70566079,14.184,15.193,2.368620768,6.071358896,281.9917324,1.365190423
17.839,96.85468451,84.34416826,79.17973231,14.362,15.4791,2.098072555,7.746193819,305.3559091,1.233057065
9.703,95.72351964,60.28496528,42.10642172,6.813,7.562,3.07197843,5.548826474,69.84835162,1.342619935
22.334,99.99185004,93.44743276,87.98696007,17.7168,19.465,2.860099902,4.021327067,232.8338537,0.90376618
30.878,99.99779736,95.21585903,92.13656388,25.8081,27.471,1.75067677,1.669048499,176.5639276,0.940514025
10.988,92.46119734,70.28824834,69.17960089,7.904,7.944,2.893119534,3.675895185,265.6574488,1.521038908
16.579,99.79680126,96.8799161,92.45324244,13.92,15.00065,2.56999461,2.844480003,196.7284636,1.166712889
13.793,99.149535,82.30543319,72.27116985,11.577,12.339,2.238324421,9.418342804,87.52628517,1.374871216
16.992,99.67562813,94.41970422,89.29435373,13.272,14.456,3.022503378,2.020018007,158.0703534,1.22346315
22.823,100,89.81405803,84.01614221,18.2285,19.626,2.948141292,3.891564684,233.3470285,0.956794179
6.605,94.51445515,51.63083766,32.50555967,5.324,5.714,2.729719294,11.91552997,134.6163673,1.333534619
28.024,100,89.97902516,84.59202712,20.8375,23.141,2.860248881,3.41821485,199.0739958,0.901066208
26.222,99.99649117,94.95780628,90.89984035,21.938,23.584,2.858248551,3.318111169,220.9139331,1.008675271
11.933,99.81940144,76.93498452,61.3003096,8.976,10.213,3.088593769,2.974716972,148.4881508,0.906591733
30.875,99.97685453,93.74840875,89.83450989,26.7636,28.232,2.950517167,2.334145066,163.154571,0.723938857
23.877,99.98363071,94.03612157,89.91651661,21.356,22.1167,2.632917754,2.471580751,150.2272197,1.156161668
12.001,95.76402959,70.15737643,62.63958913,9.775,10.411,1.51478716,3.308654772,106.7123196,1.828274637
7.971,80.90920539,34.44150611,28.38433447,6.356,6.905,2.631771856,2.811758667,128.2301595,1.932149088
6.587,93.85121457,56.52834008,38.76518219,5.687,5.997,3.093608827,9.599651165,151.0568771,2.040479467
5.478,94.082519,43.48534202,17.4267101,4.438,4.758,2.933756017,4.378087288,280.7135557,2.01867914
18.137,98.90094679,84.88594209,78.51032612,14.8277,15.847,1.820842294,4.95337286,123.5062035,1.546865062
10.371,100,79.10836316,68.8252522,8.783,9.231,2.862501138,10.6454626,287.9745483,0.967402544
28.035,99.65303577,90.86548668,85.2211814,20.707,22.79225,2.29727489,8.142956646,50.10246208,0.84617518
13.766,97.97172111,85.88980985,81.93076548,12.1514,12.7281,2.327130735,12.8620738,226.9504181,1.657402544
6.66,96.16770783,73.42623739,50.20422874,5.43,5.77,3.037968568,5.854477097,269.0815421,1.898622056
9.129,99.33993399,66.02473434,50.50955645,6.909,7.461,2.874872261,3.129789744,112.7188174,1.850287159
7.901,95.90418813,72.55368769,53.48848508,6.357,6.76,2.793801144,3.481130902,173.9598312,1.98550037
19.639,98.87451582,95.12899218,93.75502448,16.799,17.879,2.635841699,13.01672678,173.1352488,1.285644302
6.672,7.742998353,0.164744646,0.164744646,0.981,1.011,2.807647528,3.891090739,95.53721828,2.093834079
7.639,99.0753177,65.16169026,42.65419981,6.2135,6.647,3.045962992,2.561643644,147.0064816,1.949545401
17.195,98.5215698,86.26123427,79.57609347,14.043,15,2.260435565,4.225654966,101.3116455,1.661030304
20.571,99.99257058,91.58618128,88.03863299,16.84,18.00005,3.088843427,1.956918936,245.8225426,1.201992708
19.907,99.93913573,87.78656928,78.19030229,14.2704,15.5532,2.910253611,2.782155149,164.2893913,0.9679581
25.049,99.83503794,88.1117343,82.65698889,21.622,23.2142,2.907935615,4.803966857,283.5756668,1.245002544
18.644,98.31725692,87.91100472,81.0321763,14.2805,15.683,2.162802035,3.45317705,122.3014228,1.202178663
23.122,99.93180631,87.72183573,80.43061017,16.5772,18.2666,2.682550905,8.583077243,110.2672435,1.875693683
30.357,99.98797017,94.25241265,90.29459727,25.5497,27.395,2.950041288,3.802600199,133.6737677,0.762893615
24.815,99.93355714,94.13554343,91.00923206,20.2585,21.96075,2.363582294,4.942980068,198.1123698,1.124519661
12.01,96.92539809,79.02012355,70.26321691,9.2904,9.99,2.789145022,6.133378776,175.4891673,1.652677773
19.307,98.93015031,91.90097259,88.37312113,17.875,18.377,2.297570378,6.008574652,314.9357159,1.245956003
8.796,90.17488554,62.01306012,48.08226375,7.032,7.6256,2.240339833,13.73173094,200.4668411,1.55024205
21.517,99.40789882,94.18438837,91.57728315,19.051,20.007,2.813847919,4.804991723,132.7473227,1.344848587
5.458,94.30431662,28.201579,2.363375372,3.511,3.75375,2.115771055,4.108784493,114.4526948,2.286784967
19.507,99.66709347,94.22535211,89.10371319,16.0172,16.949,2.963917511,5.096696079,40.37324316,0.841402544
26.884,99.49747445,89.56581276,84.35194874,20.234,22.778,2.878157541,3.229672439,137.6080218,1.276493453
12.206,99.93290842,90.30526669,81.38208655,10.132,10.773,3.103957285,3.908717546,236.6462147,0.955180322
13.077,96.84953829,85.65996741,78.3813145,11.947,12.347,2.742145215,1.948151107,83.96016329,1.631195647
20.459,100,91.57437568,83.56134636,15.03,18.45,2.614490468,3.61066796,247.744165,1.17416725
23.729,99.89104015,95.38177856,91.33350096,21.769,22.487,3.09817074,4.347998366,163.6085934,0.873254396
6.046,95.20383693,60.13189448,39.26858513,5.254,5.516,3.06620183,4.92669205,234.2507049,2.133628959
14.8,98.93947964,79.84068627,67.82616893,8.176,8.726,2.961636335,5.296716037,270.0867651,1.39415693
7.398,97.98861278,76.56042143,55.41957112,5.799,6.15,3.054155938,5.55722772,166.4364286,2.003785523
22.253,99.99770397,87.57390336,79.86040158,16.486,18.274,2.918882409,5.227006709,141.5870209,1.370586624
28.492,99.79989816,94.682115,91.28395701,22.76,24.302,2.711929575,3.813876202,194.3979541,0.775735877
24.668,99.90973426,92.48989024,84.46346043,19.164,20.89825,2.89102492,2.046735425,117.2479793,1.232402544
8.544,98.52163299,87.82042588,79.03160179,7.574,7.864,2.889176888,2.821357646,283.1850782,1.403235877
23.271,99.74517167,83.31545064,76.34120172,19.19,20.6025,2.447468116,7.125453373,292.5425593,1.060198243
27.451,100,92.50965668,88.20129116,21.469,23.209,2.93461966,10.28561899,228.4199971,1.037531576
6.028,99.80800473,44.6610545,24.17663565,4.862,5.303,2.97985764,4.90008475,32.06086159,1.304402544
18.923,99.99263542,89.53676768,84.9154914,15.513,16.79135,2.40815518,1.455185534,195.1893953,0.955739836
23.468,100,93.44309234,88.01002147,19.7151,21.08365,2.930310535,11.35842,232.1500265,0.88832453
6.092,85.05891991,24.7442603,9.294851597,3.928,4.482,2.849056824,6.208101938,249.7603062,2.170246747
22.85,99.99750244,89.52771048,83.08399311,17.7894,19.64,2.794996931,4.75833629,211.6530601,0.917580322
31.079,99.99822031,95.63797507,93.08500699,24.7082,26.737,3.018051568,5.686644227,152.14571,1.137402544
17.965,99.50755219,94.26933718,90.69909056,14.552,15.612,2.701152708,2.173254205,91.08775922,1.623402544
11.159,99.57723852,95.48208901,92.53966912,9.218,9.868,2.147822895,9.650791049,111.2911073,1.432045401
7.205,95.41014762,45.39578361,25.76129232,5.465,6.08,2.031860115,12.58451252,246.4269908,2.455282899
23.16,99.43010392,88.6542258,83.77099862,18.4534,19.993,2.877444873,7.170117675,123.7486427,1.051011567
6.568,98.03155522,44.98873028,22.79489106,4.997,5.44965,3.112388047,13.78972474,303.8670413,1.996349912
13.867,99.98973517,84.62071443,74.73054814,10.046,11.2283,2.845162265,5.568849572,208.1889238,0.979755485
23.069,99.98363562,92.71512341,87.8494477,18.129,19.576,1.365518766,25.90867732,143.9671161,0.960505992
19.31,99.98721309,90.92769005,84.68128636,16.17,17.296,3.099956707,6.480636872,109.2400356,0.954844404
